job ID,task index,max_memory_usage,avg_memory_usage,max_cpu_usage,avg_cpu_usage,combined_memory_usage,combined_cpu_usage,priority
259235987,0,0.3325,0.29306,0.6445,0.148762,0.312780005364418,0.3966310085830689,10
643856032,0,0.1116,0.09472800266666667,0.1594,0.0021093,0.10316399967632421,0.08075465058412552,10
1297383150,0,0.1158,0.088428,0.7812,0.036194399833333335,0.10211400036358834,0.4086971957681834,10
411248937,0,0.1119,0.088624,0.3008,0.1231954,0.10026200088214873,0.21199769783039094,10
1170482497,0,0.09119,0.08664599866666667,0.2593,4.3219998958333333E-4,0.08891800076265272,0.129866096752299,1
925718046,1,0.08069,0.08032,0.06238,0.0017118,0.08050499824047089,0.03204590047445297,9
925718046,2,0.08069,0.08032,0.02075,0.00160636,0.08050499824047089,0.011178179605119229,9
925718046,0,0.08069,0.08032,0.01794,0.0024848,0.08050499824047089,0.010212399849796295,9
925718046,3,0.08057,0.0802,0.01157,0.0019794000208333334,0.08038499871492386,0.006774700055269162,9
925718046,4,0.08044,0.08008,0.04755,0.0015976,0.08025999984979629,0.024573800125169753,9
261595273,0,0.07715,0.07583,0.2385,0.0122512,0.07649000106096268,0.12537559952316285,10
215723520,0,0.07825,0.07468,0.3071,0.01947306,0.0764649991953373,0.16328652899864196,10
1359172745,0,0.06921,0.06921,0.06232,0.011001,0.0692100001680851,0.03666050071167946,9
1359172745,2,0.06909,0.06909,0.05933,0.00763328,0.06909000064253806,0.03348164073671341,9
1359172745,1,0.06909,0.06909,0.06396,0.0146698,0.06909000064253806,0.039314900436306,9
15705910,0,0.06641,0.065646,0.1489,0.0160052,0.06602799882102012,0.08245260112056732,10
1343463736,0,0.06665,0.064138,0.252,1.7584E-4,0.06539400159740448,0.1260879220265579,10
1218322450,0,0.07312,0.051208,0.4463,0.0333972,0.062163998989105226,0.23984859997615815,10
699708719,1,0.06213,0.062034,0.07581,0.020026,0.062082000221133235,0.047918000150203706,9
699708719,0,0.06195,0.061196,0.07385,0.029558000666666667,0.06157299907016754,0.05170399954059156,9
1369509996,0,0.06335,0.052514,0.3423,0.02362422,0.05793199974370003,0.18296210890327452,10
696492866,0,0.05811,0.056176,0.2666,0.0409906,0.05714299935150147,0.15379530638961791,10
1369509944,0,0.06244,0.049,0.1738,0.01456672,0.05572000023722649,0.09418336325441361,10
370237482,0,0.06201,0.046426,0.3413,0.02764946,0.0542180006955862,0.18447473534057618,10
1342043214,7,0.04968,0.04956,0.007889,2.326960001627604E-5,0.04961999915421009,0.003956134683808883,9
1342043214,9,0.05005,0.04913,0.006851,2.7847799967447915E-5,0.04959000079572201,0.0034394237899833522,9
1342043214,3,0.04926,0.04913,0.01367,0.00109846,0.0491950008147955,0.00738423012382865,9
1342043214,4,0.04944,0.04895,0.009811,3.0136E-5,0.04919500010311603,0.00492056798357892,9
1342043214,2,0.04919,0.04919,0.01669,7.545000104166666E-4,0.049189999849796294,0.008722250451051076,9
1342043214,0,0.04913,0.04913,0.007904,8.293E-4,0.049130000087022785,0.004366649824494123,9
1342043214,5,0.04919,0.04907,0.01521,3.261439998372396E-5,0.049129999849796296,0.007621307133383671,9
1342043214,1,0.04907,0.04907,0.01559,7.6314E-4,0.04907000032424927,0.008176569983161687,9
1342043214,8,0.04901,0.04895,0.01442,6.885859993489584E-5,0.04898000056147575,0.007244429252432744,9
1342043214,6,0.04907,0.04889,0.01421,1.6403999918619793E-5,0.04898000032424927,0.007113201851394733,9
685758751,0,0.05975,0.034084,0.3394,0.0024454000416666666,0.04691699907612801,0.17092269673065694,9
685758751,4,0.06506,0.027841999,0.3755,0.00181104,0.04645099807068062,0.18865551678134918,9
6933059,0,0.04846,0.04143,0.1738,0.03697600066666667,0.04494499963164329,0.10538800358774694,10
260194510,0,0.04291,0.040830000666666665,0.1265,5.636000104166667E-4,0.041869999556684814,0.06353179779983648,10
287653404,0,0.0484,0.03421418002083333,0.4551,0.024237529333333334,0.04130708987928645,0.23966876461898295,10
1015033007,0,0.04181,0.040734002,0.073,3.5554E-4,0.041272000226331707,0.0366777694635582,10
1223177256,0,0.04083,0.040294,0.08179,0.00294208,0.04056200061750412,0.0423660401001358,10
685758751,3,0.06555,0.015228,0.3447,0.0015434399583333332,0.040388999737739566,0.17312172429454295,9
182939990,0,0.04553,0.034336,0.08044,0.007557600333333333,0.03993299941945076,0.04399880001646296,9
685758751,2,0.05115,0.028212,0.2009,0.0016644,0.039681000792741776,0.10128220165700913,9
752502434,5,0.04303,0.03586600066666667,0.2368,0.03722584,0.03944800094487699,0.1370129200357628,10
2035852486,0,0.0451,0.03318,0.07446,2.4376E-4,0.03913999987781048,0.037351879899864195,1
752502434,1,0.04279,0.03477800266666667,0.2866,0.03235114,0.038784001031137785,0.15947556685287476,10
752502434,3,0.04266,0.03488800066666667,0.2881,0.023788740010416667,0.03877400116601022,0.15594437210329182,10
105360316,0,0.04248,0.03487400066666667,0.1575,0.02454286,0.03867700001504453,0.09102142940395355,10
752502434,2,0.04187,0.035106,0.3374,0.037109420010416665,0.03848800085175037,0.18725470468847402,10
752502434,9,0.0415,0.03447200066666667,0.2637,0.02131368,0.03798599954357179,0.142506844196167,10
752502434,8,0.0415,0.034044,0.3569,0.0239713,0.03777199921023845,0.19043565326633455,10
752502434,0,0.0415,0.03361800066666667,0.251,0.034650240166666665,0.037558999543571794,0.1428251136460317,10
1343463628,0,0.0401,0.034984,0.2852,0.01354066,0.03754200039935112,0.14937032990463256,10
752502434,6,0.04095,0.03365400066666667,0.2283,0.030102302677083335,0.03730200047638448,0.1292011539373042,10
752502434,4,0.04041,0.033666,0.2866,0.015845080010416665,0.037038000415444375,0.1512225368580831,10
752502434,7,0.04053,0.033434000666666665,0.238,0.042659,0.03698200027432473,0.14032950274181366,10
182939990,2,0.03979,0.034084,0.06958,0.006056800166666667,0.03693700038325787,0.03781840189293035,9
1465315935,0,0.03772,0.03605555333333333,0.179,0.028908511532552084,0.036887775921012556,0.10395425832927577,10
182939990,1,0.03979,0.03076,0.08093,0.0103574,0.035275000383257864,0.04564370101685524,9
685758751,1,0.0592,0.010986,0.3198,0.0019098,0.035093000008940695,0.1608548947309494,9
643855116,0,0.03467,0.034008,0.1017,0.009133420041666666,0.03433899951660633,0.05541671025329145,10
1519424054,0,0.03122,0.030364,0.06274,1.6384E-4,0.030792000118613244,0.031451919051094054,10
616564438,0,0.03296,0.027136,0.332,0.07824692,0.03004800068962574,0.20512345368190765,10
1223480094,0,0.03049,0.026749999333333333,0.2317,0.0173466,0.028619999567126908,0.12452330157356262,10
698645235,0,0.03223,0.023022,0.2268,0.02300728,0.02762600047147274,0.12490363735355377,9
318504156,0,0.02765,0.026634,0.1155,0.008459,0.027142000263750556,0.06197950154972076,10
685461029,0,0.02744,0.025432,0.4341,0.0484248,0.02643600016272068,0.24126240102519989,10
740213574,2,0.02515,0.024516,0.0498,0.0037178,0.024832999593198297,0.026758900542402268,9
1297383672,0,0.02896,0.020588,0.2229,1.7528E-4,0.02477400036180019,0.11153764159740448,10
740213574,3,0.02518,0.024326,0.0625,0.0022368000208333335,0.02475300040590763,0.032368400010416666,9
740213574,0,0.02484,0.023954,0.03992,0.0024242,0.024396999577105047,0.02117209924838543,9
192299653,172,0.02606,0.022714000333333335,0.1504,0.011571999833333334,0.02438700019766108,0.08098599883186214,9
192299653,255,0.02667,0.02205,0.1265,0.023197,0.024359999792277813,0.07484849779462814,9
192299653,264,0.0256,0.022782,0.1304,0.0092292,0.0241909996766448,0.06981460100135803,9
192299653,59,0.02554,0.022562,0.1367,0.010202,0.024050999913871288,0.07345100216960906,9
192299653,4,0.02475,0.023148,0.1102,0.015256,0.023948999932944776,0.06272800139474868,9
192299653,222,0.02536,0.022472,0.2234,0.0136914,0.023915999694228172,0.11854569837875366,9
192299653,17,0.02509,0.022678,0.1238,0.016620800166666668,0.023883999830424787,0.07021040110257276,9
740213574,1,0.02496,0.022736,0.06104,0.0027972,0.023848000033974647,0.031918599563694,9
192299653,0,0.02545,0.022202001,0.1519,0.012965400333333333,0.023826000769711017,0.08243269687649027,9
192299653,287,0.02521,0.022382,0.2075,0.05987980066666666,0.023796000287294387,0.13368989824717076,9
192299653,239,0.02457,0.02286,0.1157,0.0118394,0.023714999713301658,0.06376969951720238,9
192299653,68,0.02563,0.021622000666666665,0.1865,0.014754,0.023625999891364893,0.10062699898672103,9
192299653,58,0.02487,0.022322,0.09814,0.007029600083333334,0.023596000389814378,0.052584800690165204,9
192299653,288,0.02429,0.02289,0.1355,0.012739200166666667,0.023589999578595162,0.07411959954689153,9
192299653,241,0.02567,0.021498,0.2944,0.016869,0.023583999710321428,0.15563450326633455,9
192299653,164,0.02478,0.02234,0.2388,0.0105132,0.02355999981433153,0.12465660206232071,9
192299653,276,0.02429,0.022782,0.1224,0.010275,0.02353599957859516,0.06633750034570694,9
192299653,112,0.0249,0.022154,0.1125,0.015599999833333333,0.023527000271201134,0.06404999842655054,9
192299653,23,0.02478,0.022238,0.1592,0.0380862,0.023508999814331532,0.09864309889135361,9
192299653,306,0.02521,0.021754,0.1177,0.011190800166666667,0.023482000287294386,0.06444540162709364,9
192299653,92,0.02469,0.022262,0.127,0.009610599833333334,0.023476000170171263,0.0683053019432246,9
192299653,177,0.02454,0.022412,0.1274,0.0076324,0.023475999831914902,0.06751619796152115,9
192299653,35,0.02402,0.022896,0.2637,0.009673399833333334,0.023457999714791775,0.13668670411283365,9
192299653,45,0.02417,0.022734001333333333,0.1606,0.0132832,0.023452000719714802,0.08694160329017639,9
192299653,101,0.02408,0.022824,0.1309,0.009705800166666667,0.02345200040888786,0.07030289786604055,9
192299653,202,0.02426,0.022639998333333335,0.271,0.01482,0.023449998863875072,0.1429099989271164,9
192299653,154,0.02478,0.022114,0.1436,0.015764,0.023446999814331532,0.07968200096559525,9
192299653,132,0.02414,0.022744,0.1204,0.015376,0.023442000171661377,0.06788799831914902,9
192299653,85,0.02438,0.02243,0.1453,0.01758,0.023405000154078006,0.08144000045299529,9
192299653,69,0.02438,0.022418,0.1198,0.008734000166666667,0.023399000154078007,0.06426700077474722,9
192299653,213,0.02399,0.022794,0.1122,0.010897200166666666,0.023391999833405015,0.06154859977934964,9
192299653,21,0.02444,0.022334,0.2473,0.01573,0.02338699991685152,0.131514999499321,9
192299653,22,0.02435,0.022418,0.1609,0.011880600166666666,0.02338400027269125,0.086390298462087,9
192299653,170,0.02451,0.022226000333333332,0.2244,0.012792800166666667,0.02336800011719481,0.11859639947536596,9
192299653,6,0.02399,0.022740001666666666,0.11,0.010753999833333333,0.02336500066673835,0.06037699961864344,9
192299653,49,0.0246,0.02213,0.1196,0.0136828,0.023364999594688414,0.06664139899864197,9
192299653,243,0.02469,0.022024,0.1152,0.013938,0.023357000170171262,0.0645689990105629,9
192299653,78,0.02432,0.02234,0.1124,0.010829,0.023330000391304492,0.061614501388788226,9
192299653,149,0.0242,0.02246,0.1222,0.0090368,0.02332999993443489,0.06561839865293503,9
192299653,293,0.0238,0.022854,0.1255,0.013308,0.023327000274181366,0.06940399678134918,9
192299653,193,0.02426,0.022394,0.155,0.018714,0.023326999697208403,0.08685700059604645,9
192299653,67,0.0238,0.022836,0.1068,0.011923399833333334,0.023318000274181364,0.059361698611324946,9
192299653,64,0.02408,0.02249,0.1046,0.0101524,0.02328500040888786,0.05737619870061875,9
192299653,146,0.02469,0.02188,0.1406,0.009240800166666667,0.02328500017017126,0.0749203980090917,9
192299653,203,0.02423,0.02234,0.196,0.013,0.023284999815821647,0.10449999743700028,9
192299653,77,0.02411,0.022454,0.09155,0.0091656,0.02328200029027462,0.05035780000596046,9
192299653,147,0.02435,0.02220800066666667,0.1287,0.008975,0.023279000606024586,0.06883750151395798,9
192299653,124,0.02408,0.02246,0.1213,0.018306,0.023270000408887864,0.06980299848604202,9
192299653,11,0.02435,0.022186,0.119,0.0067036,0.02326800027269125,0.06285180137090683,9
192299653,310,0.02432,0.022214000666666667,0.1411,0.0126432,0.023267000724637825,0.07687160215768814,9
192299653,97,0.02475,0.021778,0.1248,0.021946,0.023263999932944774,0.07337299830722809,9
192299653,292,0.02423,0.022292,0.1243,0.01496,0.023260999815821647,0.0696300015258789,9
192299653,216,0.02435,0.02216,0.1174,0.017718200166666667,0.02325500027269125,0.06755909908793577,9
192299653,313,0.0239,0.022609999333333332,0.1501,0.0098670005,0.023254999855911413,0.0799834966260376,9
192299653,80,0.02368,0.022812000333333332,0.1404,0.012006200166666666,0.02324599998397843,0.07620310376690038,9
192299653,266,0.02423,0.022262,0.1311,0.0069414,0.02324599981582165,0.06902069947547912,9
192299653,7,0.02408,0.022406,0.2593,0.014206600166666666,0.02324300040888786,0.13675329684084064,9
192299653,272,0.02438,0.022106,0.1206,0.010135400166666666,0.023243000154078007,0.06536770009525426,9
192299653,86,0.02414,0.02234,0.251,0.017474000166666667,0.023240000171661376,0.1342369936460317,9
192299653,168,0.02441,0.022066,0.1526,0.009724600166666666,0.023238000035464765,0.08116230271785863,9
192299653,53,0.02402,0.022454,0.356,0.0139404,0.023236999714791776,0.18497020309944154,9
192299653,136,0.02472,0.021736,0.1475,0.014527000166666667,0.023228000051558017,0.08101349680507787,9
192299653,2,0.0239,0.022544,0.1117,0.0114112,0.023222000189244748,0.06155559918937683,9
192299653,304,0.02435,0.022084,0.134,0.0122308,0.02321700027269125,0.07311540166893005,9
192299653,221,0.02383,0.022604,0.1555,0.0241888,0.023217000155568122,0.08984439737739564,9
192299653,122,0.0239,0.022532,0.1144,0.0103616,0.023216000189244745,0.062380799690055846,9
192299653,55,0.02429,0.022142,0.1353,0.0131958,0.02321599957859516,0.07424789777078629,9
192299653,175,0.02441,0.022012,0.1255,0.008728000166666666,0.023211000035464766,0.06711399686468252,9
192299653,140,0.02454,0.02188,0.121,0.010556999833333334,0.0232099998319149,0.06577849958884112,9
192299653,129,0.0238,0.022615999666666668,0.1121,0.017942,0.023208000107514698,0.06502099884963036,9
192299653,144,0.0242,0.02220800066666667,0.1448,0.010369,0.023204000267768227,0.07758450367164611,9
192299653,262,0.02374,0.022666,0.1882,0.014594599666666666,0.023202999580085277,0.10139729830745442,9
192299653,111,0.02423,0.022172000666666667,0.1118,0.0149108,0.02320100014915498,0.06335540003576279,9
192299653,76,0.02432,0.022078,0.1436,0.009829,0.023199000391304493,0.07671450096559525,9
192299653,305,0.02414,0.022256,0.1279,0.0117362,0.023198000171661376,0.06981810219345093,9
192299653,182,0.02441,0.02197,0.1313,0.012956,0.023190000035464765,0.07212800116825104,9
192299653,13,0.02414,0.022196001333333333,0.1178,0.0108281995,0.023168000838328043,0.06431409841485596,9
192299653,123,0.02402,0.022316,0.1255,0.013756000333333334,0.023167999714791776,0.06962799694801584,9
192299653,185,0.0238,0.022532,0.3442,0.0072302,0.023166000274181364,0.17571509263286592,9
192299653,90,0.02377,0.022556,0.1313,0.0136,0.02316300039279461,0.07245000116825104,9
192299653,60,0.02386,0.022454,0.1294,0.013341999666666667,0.02315700003695488,0.0713709998214124,9
192299653,299,0.02414,0.022172000666666667,0.1379,0.01422,0.02315600050499471,0.07605999742507935,9
192299653,225,0.02441,0.021898,0.1134,0.0151664005,0.023154000035464764,0.06428319892677689,9
192299653,250,0.02448,0.021826,0.136,0.010940600166666667,0.023153000069141387,0.07347030377882131,9
192299653,116,0.02396,0.02234,0.2715,0.015522,0.02314999995201826,0.14351099570846557,9
192299653,233,0.02356,0.022728001,0.1282,0.0186552,0.023144000791764735,0.0734275972820282,9
192299653,247,0.02402,0.022262,0.1176,0.0101074,0.023140999714791777,0.06385370069737434,9
192299653,176,0.02426,0.022018,0.1367,0.010207600166666667,0.023138999697208402,0.0734538022529424,9
192299653,194,0.02417,0.0221,0.1404,0.0125688,0.023135000053048135,0.07648440368356704,9
192299653,296,0.02386,0.022406,0.1115,0.0113584,0.023133000036954877,0.06142920122189522,9
192299653,88,0.0239,0.022358,0.1367,0.014484,0.02312900018924475,0.07559200216960907,9
192299653,196,0.02356,0.022686,0.1262,0.0223,0.023123000291764735,0.07425000270605087,9
192299653,30,0.0239,0.022334,0.1489,0.010755800083333333,0.023117000189244747,0.07982790116223398,9
192299653,137,0.02374,0.022478,0.1044,0.0170446,0.023108999580085277,0.06072230073313713,9
192299653,105,0.02411,0.022106,0.1215,0.009158000083333333,0.02310800029027462,0.0653290002204806,9
192299653,207,0.02454,0.021676,0.1826,0.015405,0.023107999831914902,0.09900250323057175,9
192299653,226,0.02441,0.021802,0.1418,0.0118208,0.023106000035464765,0.07681040063180923,9
192299653,73,0.02399,0.022190001666666667,0.1077,0.0129096,0.02309000066673835,0.06030479886155128,9
192299653,224,0.02396,0.022202001333333332,0.1199,0.012180200166666667,0.023081000618684927,0.06604010162113316,9
192299653,98,0.02356,0.022598,0.1423,0.0105492,0.023079000291764736,0.07642459741315842,9
192299653,81,0.02383,0.022328,0.1479,0.018998800041666666,0.023079000155568123,0.08344940012812169,9
192299653,141,0.02399,0.022166000333333335,0.1653,0.011005,0.023078000000071687,0.08815249836683273,9
192299653,291,0.0238,0.022346,0.1677,0.0088206,0.02307300027418137,0.08826029632835389,9
192299653,139,0.02396,0.022184001333333335,0.1321,0.011433600166666667,0.02307200061868493,0.07176680057209142,9
192299653,37,0.02396,0.02216,0.1809,0.019262,0.02305999995201826,0.1000809962925911,9
192299653,29,0.02368,0.02243,0.1274,0.0094902,0.023054999817311763,0.06844509796152115,9
192299653,174,0.02417,0.021934,0.1353,0.0113286,0.02305200005304813,0.07331429777078628,9
192299653,62,0.02365,0.022454,0.1249,0.0087808,0.023051999935925008,0.06684039915361405,9
192299653,211,0.02365,0.022454,0.3369,0.014857999833333333,0.023051999935925008,0.17587899781858318,9
192299653,128,0.02377,0.022328,0.1296,0.018228,0.02304900039279461,0.07391400168085098,9
192299653,108,0.02374,0.022346,0.1155,0.0129594,0.02304299958008528,0.06422970154972077,9
192299653,41,0.02441,0.02167,0.1105,0.013066600166666666,0.02304000003546476,0.06178330029194959,9
192299653,282,0.02396,0.022114,0.1304,0.0105582,0.023036999952018262,0.07047910100135803,9
192299653,56,0.02377,0.022298,0.1105,0.012063799833333333,0.023034000392794608,0.06128190012528292,9
192299653,16,0.02414,0.021928,0.1528,0.011127,0.02303400017166138,0.08196349687671661,9
192299653,89,0.02393,0.02213,0.1107,0.012582400166666667,0.023030000070631503,0.06164119825943121,9
192299653,307,0.02377,0.022286,0.1146,0.0096848,0.02302800039279461,0.062142401382827755,9
192299653,72,0.02396,0.022092,0.119,0.0105622,0.02302599995201826,0.06478110137090683,9
192299653,169,0.02386,0.022190001666666667,0.3447,0.012526799666666666,0.023025000870288213,0.1786134041487096,9
192299653,8,0.0242,0.02185,0.1053,0.0111072,0.02302499993443489,0.058203600900030135,9
192299653,115,0.02368,0.02237,0.1287,0.009819,0.023024999817311764,0.06925950151395797,9
192299653,163,0.02423,0.021814,0.1333,0.01274,0.023021999815821648,0.07302000319480896,9
192299653,231,0.02399,0.022048,0.1409,0.013116600166666667,0.023018999833405017,0.07700830054824956,9
192299653,218,0.02408,0.021946,0.125,0.011862400166666667,0.023013000408887863,0.06843120008333334,9
192299653,253,0.02393,0.02209,0.1377,0.0103592,0.023010000070631503,0.07402960318288804,9
192299653,14,0.02417,0.02185,0.2515,0.012523600166666666,0.023010000053048135,0.13201180532854206,9
192299653,209,0.0242,0.02182,0.1072,0.0142612,0.02300999993443489,0.060730598354911805,9
192299653,204,0.0235,0.02252,0.1151,0.014065,0.023009999597668647,0.06458249816417694,9
192299653,74,0.02417,0.021844,0.1338,0.012617200083333334,0.023007000053048135,0.07320860001782481,9
192299653,212,0.02405,0.021958,0.1423,0.012898,0.02300399959617853,0.07759899741315841,9
192299653,95,0.02393,0.022074,0.2375,0.0141514,0.023002000070631502,0.12582569850988387,9
192299653,151,0.0238,0.022202001,0.1183,0.0124476005,0.023001000774181365,0.06537379942149543,9
192299653,46,0.02411,0.02188,0.1443,0.010004400166666667,0.02299500029027462,0.07715219952304968,9
192299653,228,0.02383,0.02216,0.1809,0.0131626,0.022995000155568122,0.0970312962925911,9
192299653,165,0.0238,0.022184001333333335,0.1536,0.01484,0.022992000940848033,0.08422000364780426,9
192299653,148,0.02411,0.021862,0.3462,0.01363,0.02298600029027462,0.17991499465942382,9
192299653,9,0.02414,0.021826,0.1041,0.012238000166666667,0.022983000171661376,0.058168998277312596,9
192299653,120,0.02377,0.022190001666666667,0.1097,0.013476400083333333,0.022980001226127943,0.06158820092977588,9
192299653,44,0.02423,0.02173,0.1292,0.012956800166666666,0.022979999815821647,0.0710783983786405,9
192299653,220,0.02365,0.022298,0.1141,0.0083794,0.022973999935925006,0.061239700876188276,9
192299653,251,0.02408,0.021862,0.1156,0.015109199833333333,0.022971000408887863,0.06535459858748309,9
192299653,178,0.02402,0.021922,0.1428,0.006949599916666667,0.022970999714791773,0.07487480160342153,9
192299653,106,0.02383,0.022106,0.1384,0.018244,0.022968000155568123,0.07832200165700913,9
192299653,27,0.02377,0.02216,0.1382,0.014818,0.02296500039279461,0.07650899996423721,9
192299653,133,0.0238,0.02213,0.1096,0.0167294,0.022965000274181364,0.06316470004172325,9
192299653,91,0.02414,0.02179,0.1139,0.012307,0.02296500017166138,0.06310349918341637,9
192299653,205,0.02411,0.021808,0.1053,0.009494999833333333,0.02295900029027462,0.057397500816696805,9
192299653,40,0.02414,0.021778,0.1039,0.013294,0.022959000171661376,0.05859700022649765,9
192299653,47,0.02365,0.022268,0.1018,0.010439,0.022958999935925005,0.05611950107884407,9
192299653,3,0.0238,0.022106,0.1132,0.009457,0.022953000274181366,0.06132850070929527,9
192299653,245,0.0235,0.022406,0.1304,0.011428600166666667,0.022952999597668645,0.07091430108469136,9
192299653,201,0.02405,0.021856,0.1207,0.007904200083333333,0.022952999596178532,0.06430210089997355,9
192299653,219,0.02356,0.022334,0.1362,0.016839999833333334,0.022947000291764736,0.07651999785434596,9
192299653,311,0.0242,0.021694,0.124,0.012574600333333333,0.022946999934434893,0.0682872991533877,9
192299653,190,0.02335,0.022538,0.09839,0.0132726,0.022944000190734865,0.055831299039173124,9
192299653,303,0.0242,0.021688,0.108,0.0109084,0.02294399993443489,0.05945420140070915,9
192299653,277,0.0238,0.02208,0.1589,0.0145544,0.022940000274181367,0.08672719635219574,9
192299653,50,0.02383,0.022048,0.1292,0.0087686,0.022939000155568122,0.06898429829530715,9
192299653,198,0.02322,0.022657999333333335,0.2891,0.014234000333333333,0.02293900006095139,0.15166699582744853,9
192299653,242,0.02386,0.022018,0.1122,0.0103548,0.022939000036954878,0.06127739969601631,9
192299653,127,0.02417,0.0217,0.1318,0.0158618,0.022935000053048132,0.07383089794960022,9
192299653,158,0.02399,0.021868,0.119,0.009948199916666668,0.022928999833405017,0.06447410132924017,9
192299653,118,0.02402,0.021832,0.1156,0.0132628,0.022925999714791777,0.06443139867081642,9
192299653,230,0.02399,0.021856,0.1831,0.016079401,0.022922999833405018,0.09958970051192093,9
192299653,156,0.02353,0.02231,0.1071,0.0142686,0.022920000410377978,0.06068430123381614,9
192299653,51,0.02377,0.022062000333333335,0.1014,0.0228884,0.022916000559461275,0.06214420141859055,9
192299653,43,0.02386,0.02197,0.2285,0.012302,0.02291500003695488,0.12040099684095383,9
192299653,269,0.02356,0.022268,0.1338,0.013552999833333332,0.022914000291764734,0.0736764998928248,9
192299653,70,0.02393,0.021892,0.1255,0.015278,0.0229110000706315,0.07038899678134919,9
192299653,200,0.02399,0.021832,0.1262,0.0125962,0.02291099983340502,0.06939810270605087,9
192299653,238,0.02402,0.021802,0.1182,0.015754,0.022910999714791776,0.06697699832510948,9
192299653,71,0.02405,0.021772,0.1234,0.0105282,0.02291099959617853,0.0669641013589859,9
192299653,187,0.02386,0.021952,0.1677,0.008131400166666667,0.02290600003695488,0.08791569641168721,9
192299653,142,0.02383,0.021964,0.1765,0.010197000166666666,0.02289700015556812,0.09334849638784536,9
192299653,229,0.02393,0.021856,0.1252,0.0238006,0.022893000070631504,0.07450030169277191,9
718753271,0,0.02478,0.021002,0.3188,0.017019280166666668,0.02289099981433153,0.16790964125158436,10
192299653,52,0.02356,0.02222,0.1267,0.0112048,0.022890000291764738,0.06895239948740005,9
192299653,130,0.02338,0.022394,0.1296,0.0116482,0.02288700007212162,0.07062410168085098,9
192299653,246,0.02365,0.022114,0.1104,0.022848000166666667,0.022881999935925008,0.06662399944556363,9
192299653,18,0.0239,0.021862,0.1057,0.0153298,0.022881000189244747,0.06051490056028366,9
192299653,26,0.02393,0.021832,0.09363,0.017688,0.022881000070631506,0.05565900047445297,9
192299653,254,0.02396,0.021796,0.178,0.008757000166666667,0.02287799995201826,0.0933785016330541,9
192299653,179,0.02405,0.021706,0.2969,0.0115996,0.022877999596178533,0.15424980207424163,9
192299653,135,0.0239,0.021844,0.3418,0.010507200166666666,0.02287200018924475,0.1761536022052587,9
192299653,237,0.02377,0.02197,0.1222,0.011767,0.02287000039279461,0.06698349865293503,9
192299653,181,0.02377,0.02197,0.1277,0.0143362,0.02287000039279461,0.07101810050067901,9
192299653,188,0.02359,0.022148,0.1262,0.015434000166666666,0.022869000173151494,0.0708170027893842,9
192299653,38,0.02402,0.021718,0.1001,0.012460000166666667,0.022868999714791775,0.05628000167477735,9
192299653,119,0.02368,0.022054,0.09924,0.0125816,0.022866999817311766,0.05591079878287315,9
192299653,54,0.02377,0.021952,0.125,0.0134712,0.02286100039279461,0.0692356,9
192299653,235,0.02377,0.021946,0.1033,0.017741600333333333,0.02285800039279461,0.06052079904013888,9
192299653,301,0.02365,0.02206,0.1119,0.011398400166666666,0.022854999935925005,0.06164920096548208,9
192299653,61,0.02338,0.02231,0.1277,0.013871,0.02284500007212162,0.07078550050067901,9
192299653,249,0.02374,0.02194,0.1299,0.016899199833333333,0.022839999580085278,0.07339959668609491,9
192299653,100,0.02374,0.021934,0.1257,0.010952600333333333,0.022836999580085275,0.06832629864078776,9
192299653,210,0.0238,0.021868,0.1416,0.0130258,0.022834000274181365,0.07731289893903733,9
192299653,271,0.02347,0.022184000666666665,0.1141,0.012644000333333334,0.02282700004961522,0.06337200104285494,9
192299653,162,0.0238,0.02185,0.1243,0.0163208,0.022825000274181367,0.0703104015258789,9
192299653,267,0.02405,0.021598,0.1855,0.015235000166666667,0.02282399959617853,0.10036749805677542,9
192299653,275,0.0239,0.021724,0.1141,0.0104268,0.022812000189244747,0.06226340087618828,9
192299653,87,0.02374,0.021862,0.1135,0.015238000333333333,0.022800999580085277,0.06436899968982951,9
192299653,34,0.0239,0.0217,0.1785,0.015008,0.022800000189244746,0.09675399833106994,9
192299653,265,0.02353,0.022054,0.2612,0.009389599833333333,0.02279200041037798,0.13529480530492655,9
192299653,12,0.02356,0.022012,0.1244,0.017506,0.022786000291764738,0.07095299864697456,9
192299653,31,0.02371,0.021862,0.1301,0.010282000166666666,0.02278599969869852,0.0701909985455335,9
192299653,121,0.02338,0.022166,0.1219,0.0161102,0.022773000072121623,0.06900509983906745,9
192299653,215,0.02383,0.021706,0.1244,0.0155226,0.022768000155568124,0.06996129864697456,9
192299653,153,0.02341,0.022122,0.2053,0.010971600333333333,0.02276599995350838,0.10813580181175486,9
192299653,160,0.02353,0.022,0.1392,0.03648600033333333,0.02276500041037798,0.08784300114418284,9
192299653,102,0.02377,0.021754,0.1184,0.016243600166666667,0.022762000392794607,0.06732180010121473,9
192299653,295,0.02341,0.022114,0.3262,0.0099294,0.022761999953508378,0.16806470419616698,9
192299653,298,0.02338,0.022142,0.101,0.018444,0.022761000072121618,0.05972200175833702,9
192299653,184,0.0239,0.021610000333333334,0.1017,0.0204256,0.022755000355911416,0.061062800232458116,9
192299653,79,0.02362,0.021886,0.1093,0.018857600166666665,0.02275300005453825,0.06407880131118901,9
192299653,261,0.0235,0.021988,0.1245,0.011523800166666667,0.022743999597668648,0.06801189957669385,9
192299653,114,0.02402,0.021462,0.09509,0.013655599833333334,0.022740999714791772,0.05437280082742564,9
192299653,270,0.02402,0.021462,0.1208,0.0159718,0.022740999714791772,0.06838590170469284,9
192299653,260,0.02353,0.021946,0.1729,0.022014,0.02273800041037798,0.0974570030875206,9
192299653,183,0.02383,0.021640001666666665,0.1146,0.014416,0.022735000988901456,0.06450800138282776,9
192299653,236,0.02362,0.02185,0.134,0.009467600166666666,0.02273500005453825,0.07173380175226339,9
192299653,197,0.02341,0.02206,0.1294,0.0199416,0.022734999953508375,0.07467079998807907,9
192299653,294,0.02383,0.021634001333333333,0.1731,0.020761999666666666,0.02273200082223479,0.09693099716304525,9
192299653,82,0.02356,0.021898,0.1494,0.0168142,0.022729000291764737,0.0831070979019165,9
192299653,161,0.02386,0.021598,0.1487,0.011080600166666666,0.02272900003695488,0.07989029951112875,9
192299653,284,0.02402,0.021432,0.1536,0.01707,0.022725999714791775,0.08533500364780426,9
192299653,191,0.02356,0.021874,0.1267,0.017985200333333333,0.02271700029176474,0.07234259965406672,9
192299653,217,0.02338,0.022048,0.1423,0.0075868,0.02271400007212162,0.07494339741315842,9
192299653,28,0.02383,0.021592,0.1328,0.0146898,0.022711000155568123,0.07374489896287918,9
192299653,84,0.02374,0.021682,0.2139,0.017666000333333334,0.022710999580085277,0.11578300009514109,9
192299653,93,0.02335,0.02206,0.1401,0.014518,0.02270500019073486,0.07730900114440918,9
192299653,227,0.02383,0.02158,0.3057,0.015581800166666666,0.022705000155568124,0.1606409021337331,9
192299653,302,0.02371,0.0217,0.1072,0.015058,0.02270499969869852,0.061128998354911805,9
192299653,57,0.02332,0.022078,0.09436,0.010360000333333333,0.022699000309348107,0.052360000859272636,9
192299653,94,0.02371,0.021688,0.1467,0.025174,0.02269899969869852,0.08593699740123749,9
192299653,159,0.02359,0.021802,0.1245,0.021014,0.022696000173151494,0.07275699949336052,9
192299653,103,0.02365,0.021742,0.1372,0.0122152,0.022695999935925006,0.07470759895095826,9
192299653,281,0.02374,0.021646001333333335,0.1019,0.020906,0.022693000246751943,0.06140299819993973,9
192299653,192,0.02341,0.021976,0.1292,0.01363,0.022692999953508375,0.07141499829530716,9
192299653,19,0.02377,0.021610000333333334,0.2783,0.016822000333333333,0.022690000559461278,0.14756099382473245,9
192299653,289,0.02341,0.02197,0.2126,0.014663200833333334,0.02268999995350838,0.11363159679270426,9
192299653,263,0.0235,0.02188,0.1389,0.015552,0.022689999597668646,0.07722599843835831,9
192299653,167,0.02335,0.022024,0.1721,0.0131816,0.022687000190734864,0.09264079631643295,9
192299653,42,0.0235,0.021868,0.1213,0.012104000333333333,0.022683999597668647,0.06670199865270869,9
192299653,206,0.02362,0.021742,0.1272,0.016374,0.02268100005453825,0.07178700371932983,9
192299653,131,0.02359,0.02176,0.1132,0.016788,0.022675000173151494,0.06499400070929527,9
192299653,273,0.02374,0.02161,0.1304,0.017489200166666666,0.02267499958008528,0.07394460108469136,9
192299653,107,0.02383,0.021512,0.116,0.012710400333333333,0.022671000155568125,0.06435519849773662,9
192299653,20,0.02353,0.021808,0.1287,0.01469,0.02266900041037798,0.07169500151395798,9
192299653,143,0.02328,0.022054,0.2283,0.014846000333333333,0.02266700015705824,0.12157300276542918,9
192299653,256,0.02313,0.022202001,0.1091,0.0164368,0.02266600031880188,0.06276839953508377,9
192299653,232,0.02338,0.021946,0.1604,0.010602,0.02266300007212162,0.08550100159740448,9
192299653,117,0.02365,0.021670000333333335,0.176,0.0092132,0.022660000102591674,0.09260659952316284,9
192299653,113,0.02338,0.021922,0.1195,0.013117,0.02265100007212162,0.066308498152256,9
192299653,290,0.02344,0.021862,0.1045,0.0106502,0.022650999834895134,0.057575101579523086,9
192299653,10,0.02335,0.021946,0.1272,0.016754,0.022648000190734863,0.07197700371932983,9
192299653,258,0.02344,0.02185,0.1188,0.0124696,0.022644999834895135,0.06563479967813492,9
192299653,36,0.02386,0.021408,0.1033,0.0121454,0.022634000036954878,0.057722698873472214,9
192299653,186,0.02328,0.021982,0.2017,0.013806999833333333,0.02263100015705824,0.10775350089418284,9
192299653,96,0.0231,0.02216,0.1179,0.018449999666666668,0.022629999937415123,0.06817499934457524,9
192299653,75,0.02365,0.02161,0.1396,0.02,0.02262999993592501,0.0797999969124794,9
192299653,274,0.02347,0.02179,0.1304,0.0121778,0.022629999716281893,0.07128890100135803,9
192299653,15,0.02396,0.021294,0.2505,0.010007,0.02262699995201826,0.13025349678134918,9
192299653,99,0.02362,0.021622000666666665,0.1375,0.010452000166666666,0.022621000387871584,0.07397600157344945,9
192299653,279,0.02365,0.021586,0.134,0.016830000166666668,0.022617999935925007,0.07541500175226339,9
192299653,189,0.02374,0.021468,0.1299,0.0089374,0.022603999580085278,0.06941869676942826,9
192299653,309,0.02353,0.021676,0.2729,0.021580599833333332,0.02260300041037798,0.14724029257337443,9
192299653,1,0.02374,0.021462,0.3423,0.008432000166666667,0.022600999580085275,0.17536599898660787,9
192299653,125,0.02371,0.021486,0.1112,0.0141386,0.022597999698698523,0.06266929868273735,9
699707924,0,0.0275,0.017690000333333334,0.2102,0.00346034,0.02259500009216086,0.10683016841451645,10
192299653,110,0.02307,0.022106,0.1294,0.011979200333333334,0.022588000056028366,0.07068960015474574,9
192299653,39,0.02332,0.02185,0.1567,0.009401200166666667,0.022585000309348107,0.08305060016677984,9
192299653,126,0.02328,0.021862,0.1121,0.014093600166666666,0.02257100015705824,0.06309679893296369,9
192299653,25,0.02332,0.02182,0.1173,0.009966000166666667,0.022570000309348106,0.0636329982415498,9
192299653,33,0.02338,0.021754,0.1741,0.0146388,0.022567000072121618,0.09436939834299088,9
192299653,300,0.02307,0.02206,0.1282,0.018154000333333333,0.022565000056028364,0.07317699744869487,9
192299653,134,0.0228,0.022316,0.1765,0.0208036,0.02255800019222498,0.09865179630451203,9
192299653,157,0.02301,0.022094,0.1252,0.018016,0.022552000293254854,0.07160800169277191,9
192299653,280,0.02435,0.02074400066666667,0.2134,0.010662800333333333,0.022547000606024582,0.11203140331379191,9
192299653,286,0.02335,0.021736,0.1216,0.013117,0.022543000190734862,0.06735850102519989,9
192299653,166,0.02322,0.021856,0.1353,0.015969400333333335,0.022538000394284725,0.07563469793745295,9
192299653,195,0.02319,0.021868,0.1277,0.011680400166666667,0.022528999581575393,0.06969020058401235,9
192299653,145,0.02316,0.021856,0.1282,0.0100136,0.022507999700188637,0.0691067972820282,9
192299653,285,0.02347,0.021532,0.2998,0.0107102,0.02250099971628189,0.15525510426769257,9
192299653,138,0.02307,0.021916,0.1108,0.012702,0.02249300005602837,0.06175099902248383,9
192299653,259,0.02325,0.021718,0.124,0.015102,0.022484000275671483,0.06955099898672104,9
192299653,48,0.02335,0.021616,0.1136,0.0112326,0.02248300019073486,0.062416300369548795,9
192299653,171,0.02322,0.021712,0.3315,0.0103264,0.022466000394284723,0.17091319690055848,9
192299653,257,0.0231,0.021832,0.09619,0.017036,0.022465999937415125,0.05661299904513359,9
192299653,63,0.02325,0.02167,0.1711,0.0085588,0.02246000027567148,0.08982940275373459,9
192299653,173,0.02405,0.02087,0.1262,0.0099878,0.02245999959617853,0.06809390270605087,9
192299653,297,0.02328,0.021634001333333333,0.1919,0.013378999833333334,0.022457000823724906,0.10263949990474573,9
192299653,214,0.02328,0.021628001,0.1746,0.0119346,0.02245400065705824,0.09326730257492065,9
192299653,234,0.02338,0.021522,0.1196,0.0103956,0.02245100007212162,0.06499779899864197,9
192299653,240,0.02313,0.021772,0.1038,0.0148056,0.02245099981880188,0.059302799380111695,9
192299653,180,0.02319,0.021664000333333332,0.09363,0.017212,0.02242699974824206,0.055421000474452975,9
192299653,223,0.02295,0.021844,0.108,0.0112072,0.022396999599158765,0.05960360140070915,9
192299653,308,0.0231,0.021640001666666665,0.08948,0.0088092,0.022370000770748456,0.049144598877048494,9
192299653,150,0.02332,0.02142,0.2041,0.014602,0.022370000309348107,0.10935099893903732,9
192299653,248,0.02371,0.021006,0.1086,0.008717400166666667,0.02235799969869852,0.058658699111777624,9
192299653,268,0.02295,0.02173,0.1255,0.013296,0.022339999599158764,0.06939799678134918,9
192299653,32,0.02313,0.021526,0.1064,0.008864999916666666,0.02232799981880188,0.05763249899273809,9
192299653,283,0.02319,0.021408,0.1082,0.014846,0.022298999581575392,0.061522999368190764,9
192299653,244,0.02325,0.021246,0.1227,0.011371200166666666,0.022248000275671483,0.06703559924290785,9
192299653,312,0.02304,0.021456,0.1416,0.018684,0.02224800017464161,0.08014199893903733,9
192299653,66,0.02328,0.021138,0.125,0.011451599833333333,0.02220900015705824,0.06822579991666666,9
192299653,155,0.02289,0.021456,0.1433,0.02001,0.02217299983638525,0.08165499842643738,9
192299653,208,0.02267,0.021652001,0.1602,0.023137200333333333,0.022161000895774843,0.09166860007129923,9
192299653,109,0.02249,0.021724,0.1132,0.018418,0.022107000176131725,0.06580900070929527,9
192299653,65,0.02267,0.02151,0.1294,0.010544399833333334,0.022090000395774842,0.06997219990474574,9
192299653,83,0.02429,0.01981,0.3066,0.021212000333333335,0.022049999578595162,0.16390600238395944,9
1983213445,0,0.0246,0.01938,0.1453,0.038489,0.021989999594688416,0.0918945004529953,10
192299653,278,0.02408,0.019682000333333335,0.335,0.011523400166666666,0.021881000575554532,0.17326170425565846,9
192299653,5,0.0231,0.02063,0.104,0.009116800166666666,0.02186499993741512,0.056558401156216936,9
192299653,252,0.0242,0.019088,0.1088,0.014383800333333334,0.02164399993443489,0.06159190088788287,9
192299653,104,0.02383,0.018884001333333334,0.09705,0.0125554,0.021357000822234788,0.05480270185370445,9
192299653,199,0.02417,0.018496,0.1306,0.007658400041666667,0.021333000053048133,0.06912920271496328,9
1270918872,0,0.02478,0.015912,0.03839,3.9328E-4,0.02034599981433153,0.01939163970972538,10
1435139915,0,0.02496,0.015688,0.1027,0.006102799916666667,0.020324000033974648,0.05440140120407041,10
192299653,152,0.02344,0.016216,0.3325,0.011564200333333333,0.019827999834895135,0.1720321055310847,9
261357632,0,0.0202,0.018482000333333335,0.1051,5.899E-4,0.01934099977327601,0.05284494920725823,9
519524647,0,0.01935,0.018566,0.2983,0.00708244,0.018957999862909317,0.15269121902248384,10
194963094,0,0.02499,0.012692,0.2043,0.00490198,0.018840999915361405,0.10460099063180923,1
192299653,24,0.02362,0.012232,0.1215,0.013039,0.01792600005453825,0.06726950017881393,9
296756903,0,0.02051,0.013542,0.08252,2.8058E-4,0.017025999622702598,0.041400290318288804,1
793288022,0,0.01724,0.016256,0.3125,0.00201346,0.016748000444352627,0.15725673,10
1128637731,0,0.01669,0.016020000333333333,0.1068,0.0046195,0.01635500061250941,0.05570974869465828,10
2020809245,0,0.01675,0.015954,0.1384,2.0904E-4,0.016352000208616255,0.06930452165700912,10
1623460225,0,0.01675,0.015666000333333333,0.06323,7.990399583333333E-4,0.016208000375282923,0.032014520197319665,10
793504208,0,0.01639,0.015804,0.07117,0.0014079800104166667,0.016096999769330024,0.036288991116238914,10
969674408,0,0.01611,0.015488,0.1484,1.8806E-4,0.01579899963462353,0.07429402688863754,10
620363598,0,0.01624,0.015288,0.07971,2.6758E-4,0.015764000362396238,0.0399887896316433,10
447689838,0,0.01736,0.012966,0.3042,0.00241078,0.015162999969899654,0.15330538680519104,10
1287399870,0,0.01562,0.014674,0.1216,2.9504E-4,0.015146999864548445,0.06094752102519989,10
771022573,0,0.01575,0.014474306666666667,0.1501,2.633608675130208E-4,0.015112153459993203,0.07518167680979411,10
516580966,0,0.01471,0.014108,0.1124,2.6624E-4,0.014408999892413617,0.056333121388788224,10
1328506354,0,0.01447,0.013837999833333333,0.2729,0.010867,0.014153999826663653,0.14188349265670777,10
595842024,0,0.01431,0.013691999833333333,0.07312,1.56226E-4,0.014001000148826758,0.03663811198910522,1
1883650996,0,0.0143,0.013651999666666666,0.06299,2.6188E-4,0.013975999794590313,0.03162594116705895,10
292046988,0,0.01428,0.013626,0.06458,2.5576E-4,0.013952999885112047,0.032417880468492505,10
1221166900,0,0.01402,0.013768,0.01987,3.0382E-4,0.013893999826550485,0.010086909980032444,10
358933853,0,0.01424,0.013524000333333333,0.08826,2.3688E-4,0.013882000365150134,0.044248441217126844,1
6933047,0,0.01408,0.012134,0.1008,0.033089999833333335,0.013107000054985284,0.06694499998223177,10
611190167,0,0.01537,0.010502,0.1418,2.779E-4,0.01293600007688999,0.07103895063180923,10
766199538,0,0.01721,0.008120600166666667,0.2661,0.036957544,0.012665299714976628,0.15152876670710755,10
498778363,0,0.0159,0.0085236,0.4556,0.079668,0.012211800464916229,0.26763399673366545,1
307306810,1,0.0132,0.0108,0.08459,0.01292378,0.011999999964237213,0.04875689144720077,10
700769431,0,0.01311,0.010648,0.1047,0.011053800666666667,0.011878999854415654,0.057876899880338034,10
307306810,0,0.0125,0.01065,0.07544,0.011928008,0.011575000093132257,0.04368400250869179,10
307306810,3,0.01291,0.009903,0.07556,3.17386E-4,0.011406500024288894,0.037938694759529115,10
516580766,0,0.01639,0.0056884,0.3086,0.042636,0.011039199769330025,0.1756180042438507,9
307306810,2,0.01205,0.0098784,0.09949,5.2642E-5,0.010964200009685756,0.049771321898838046,10
1750995765,0,0.01248,0.008831600166666667,0.07056,2.6702E-4,0.010655800100320658,0.03541351041842461,10
246757899,0,0.0106,0.0095674,0.1239,2.8322E-4,0.010083699844282866,0.06209160814033508,10
700769429,0,0.01103,0.0086334,0.06738,0.0019373000833333334,0.009831699851584434,0.034658651857224144,10
1596061083,0,0.009796,0.009558200333333332,0.07434,4.8072E-4,0.009677100209552208,0.03741036037431717,10
793288025,0,0.01114,0.008023660557291666,0.2959,0.004230012560058594,0.00958183031619676,0.1500649998904114,10
516580766,7,0.01315,0.0056428,0.2676,0.046296,0.009396400006705522,0.15694799995231629,9
2120383885,0,0.01231,0.0061276,0.05603,1.6841E-4,0.009218800068247318,0.028099205745654107,1
1388566558,0,0.01155,0.006767,0.1277,4.9898E-4,0.00915849996870756,0.06409949050067902,9
430861762,0,0.009491,0.008597,0.06738,0.0014452799947916666,0.009044000162243843,0.03441264181295332,10
154376113,0,0.01131,0.0062696,0.06348,4.9976E-4,0.008789799986290932,0.03198987860882759,10
516580766,1,0.01151,0.0056912,0.3516,0.04785000066666667,0.008600599816417694,0.1997249959941152,9
1279055723,0,0.01019,0.006823799916666666,0.1274,0.00194172,0.008506899871459563,0.06467085796152115,10
516580766,13,0.01143,0.005446,0.3291,0.03913599933333333,0.008437999977499246,0.1841180060562846,9
693486637,1,0.009674,0.006844,0.06262,1.19024E-4,0.00825899981123209,0.031369511525547025,9
516580766,3,0.01054,0.0057282,0.2778,0.039524,0.008134100081509351,0.15866199687671662,9
516580766,10,0.009689,0.006012,0.2729,0.03508200066666667,0.007850500217586756,0.1539909929900411,9
516580766,4,0.00975,0.0058914,0.3027,0.026152,0.007820700100582837,0.1644260064611435,9
1097525707,0,0.008835,0.006804,0.1279,0.003614044,0.007819499992996455,0.06575702419345093,10
516580766,12,0.00972,0.0059126,0.3037,0.054038,0.007816300219196081,0.17886900002384187,9
693486637,0,0.008835,0.0067154,0.06335,2.39564E-4,0.007775199992996454,0.031794781743700026,9
516580766,2,0.009933,0.0055984,0.3101,0.045668,0.007765700215232372,0.17788399458789825,9
1335742303,4,0.01039,0.005100800083333333,0.4399,0.069434,0.007745400250580946,0.25466700541210174,9
969673897,0,0.008133,0.0073288,0.073,1.67648E-4,0.0077308998814463615,0.0365838234635582,10
516580766,14,0.009644,0.005609,0.4302,0.037588,0.007626499929845333,0.2338940052690506,9
516580766,6,0.009445,0.0056596,0.2769,0.045214,0.00755230021994114,0.1610569967098236,9
1335742303,1,0.01004,0.0050584,0.2039,0.005439,0.007549200040531159,0.10466949724626541,9
516580766,11,0.009583,0.0054888,0.3081,0.035658,0.007535900046849251,0.17187899256134034,9
516580766,5,0.00943,0.005635,0.4023,0.031414000666666664,0.007532499813586474,0.21685700042870076,9
516580766,8,0.009079,0.0058502,0.2769,0.03839,0.007464599990642071,0.1576449967098236,9
519524649,0,0.008423,0.006408599833333333,0.1041,0.01063,0.007415799738061349,0.057364998193979264,10
28185708,3,0.007576,0.0067718,0.04639,9.777200416666667E-4,0.0071738999727010725,0.023683860386209805,1
1184713860,3,0.009079,0.005182,0.1653,0.06309799866666667,0.00713049999064207,0.11419899770016606,9
28185708,6,0.00769,0.006554,0.03006,4.76414E-4,0.007121999941065908,0.015268207358819962,1
28185708,2,0.007347,0.006813,0.02872,8.9254E-4,0.007079999915748834,0.014806270379383564,1
1343463626,0,0.007317,0.0067458,0.06299,2.615E-4,0.007031400034362078,0.031625751167058944,10
1184713860,0,0.008713,0.0053268,0.1274,0.062182,0.007019900227004289,0.09479099796152116,9
1184713860,7,0.008255,0.0057708,0.12,0.070264,0.007012900113099813,0.09513199865889549,9
685455037,0,0.007736,0.0062573999166666665,0.1458,0.00148496,0.006996700074532588,0.07364247723434449,10
1184713860,6,0.008759,0.005186400083333333,0.1353,0.06694200133333333,0.0069727002109736605,0.10112099843745295,9
516580766,9,0.009598,0.004203800083333333,0.2876,0.032357999666666665,0.006900900029209296,0.15997900515006763,9
86753913,0,0.009903,0.0038888,0.1086,0.023884,0.006895899868184328,0.06624199902844428,9
28185708,7,0.006882,0.006880399666666667,0.03339,3.97298E-4,0.006881199724942287,0.01689364923126602,1
1184713860,1,0.007904,0.005725,0.1396,0.070812,0.006814499824494124,0.1052059969124794,9
1335742303,3,0.008591,0.0049974,0.1951,0.007291200166666667,0.006794199995350837,0.10119559735344061,9
1184713860,9,0.00795,0.0056306,0.1157,0.056738,0.006790300232458114,0.08621899951720238,9
28185708,10,0.006828,0.006676,0.04041,5.785799791666667E-4,0.006751999918848276,0.020494290405027708,1
28185708,1,0.006821,0.006645,0.02594,4.61186E-4,0.006733000008612871,0.013200592574124813,1
28185708,0,0.006767,0.006676,0.02658,0.0012999000208333334,0.006721500035852194,0.01393995015853421,1
28185708,5,0.006821,0.0065888,0.02075,8.5904E-4,0.006704900008612871,0.010804519605119228,1
28185708,9,0.006783,0.0065812,0.03802,0.00115222,0.00668210009676814,0.019586109930858613,1
447971550,1,0.006943,0.0064088,0.078,5.8138E-4,0.006675900007435679,0.03929069080466271,1
28185708,4,0.00679,0.006491399916666666,0.04126,5.32484E-4,0.006640699965336879,0.0208962421591444,1
1184713860,2,0.008087,0.005180600166666667,0.1353,0.06001,0.006633800022476991,0.09765499777078629,9
1229709861,0,0.006561,0.006447,0.06244,0.009075545799967447,0.0065039999500513075,0.03575777313721021,8
1814199906,0,0.00676,0.006047,0.0697,8.6958E-4,0.006403499892786145,0.03528479133514404,9
971358055,1,0.006424,0.006205799916666667,0.07971,0.0028268000833333333,0.006314899968868455,0.04126839967330996,9
971358055,0,0.006737,0.0058304,0.08313,0.0063042,0.006283699921634793,0.04471710101089477,9
1335742303,9,0.006912,0.0054244,0.2588,0.14320000266666666,0.006168200005826354,0.20100000130949147,9
1335742303,5,0.007095,0.005157400083333334,0.3301,0.006781199916666667,0.006126199929311911,0.1684405999106496,9
28185708,8,0.006798,0.0051786000833333335,0.04608,4.0702E-4,0.005988300079128186,0.02324351034928322,1
1335742303,2,0.006752,0.005163800083333333,0.2612,0.070386,0.005957900136825482,0.1657930053882599,9
1335742303,6,0.006706,0.0051668,0.3008,0.075246,0.0059363999200254675,0.18802299783039092,9
1335742303,8,0.00679,0.0050738,0.2637,0.0080974,0.005931900007003546,0.13589870419616698,9
1335742303,7,0.006561,0.0050598,0.1243,0.0078346,0.0058103999500513075,0.0660673015258789,9
1335742303,0,0.006447,0.0050384,0.2642,0.00742,0.005742699981686473,0.13581000097751617,9
1814199769,0,0.005997,0.005305600083333333,0.07654,2.44534E-4,0.005651299939906637,0.03839226736835671,10
86753913,1,0.007301,0.003977800166666667,0.09424,0.022484,0.005639400056779464,0.05836200116705895,9
1184713860,4,0.006035,0.005113,0.1963,0.08466600133333334,0.005574000042915344,0.14048300064282482,9
1184713860,8,0.005981,0.005017200083333334,0.1167,0.066636,0.005499100111821333,0.09166800053048134,9
1184713860,5,0.005867,0.0049438,0.1168,0.078342,0.005405400101789832,0.09757100137686729,9
2024770216,1,0.007256,0.0034271999583333334,0.09595,0.020886,0.0053415998977020184,0.058417999994039536,9
2024770216,2,0.007004,0.0034155999583333333,0.1211,0.014313999666666667,0.005209799869598428,0.06770700035189374,9
86753913,2,0.005676,0.003943000083333334,0.1289,0.028348000666666668,0.004809499998348991,0.07862400354006323,9
2024770216,8,0.006058,0.0034103999583333334,0.1123,0.02086,0.004734199993233363,0.06658000054240226,9
1224526820,0,0.008255,9.3288E-4,0.06274,0.0012491600416666667,0.004593940113099814,0.03199457907192739,10
837840133,0,0.004623,0.004547,0.05402,0.002013516,0.0045850000221878285,0.028016757379515648,1
2024770216,7,0.005623,0.003509,0.07947,0.018902,0.004566000104144216,0.04918600058054924,9
2052283888,0,0.006386,0.0023384000833333333,0.1514,0.012352492,0.004362200140357058,0.08187624592847442,10
1329653148,0,0.005318,0.0033646,0.05786,0.0021084,0.004341299990671873,0.029984199098181723,10
693486635,0,0.006027,0.0025520002083333332,0.1331,2.649E-4,0.004289500116624038,0.06668245150203705,9
2024770216,6,0.004677,0.0035522,0.07568,0.016756,0.004114599994948506,0.04621800128507614,9
1444478784,0,0.004082,0.004007,0.06677,0.012593786,0.0040444999415278435,0.039681894122951505,8
2024770216,9,0.004524,0.0034882,0.09204,0.018214000333333334,0.004006099994516373,0.05512700133968608,9
2024770216,0,0.004478,0.0035026,0.07922,0.021104,0.003990300052213669,0.05016199846458435,9
2024770216,10,0.004463,0.003502,0.126,0.01737200066666667,0.00398250011152029,0.0716860013466123,9
2024770216,3,0.004486,0.0034544,0.1173,0.018186,0.003970200082671642,0.06774299815821648,9
2024770216,5,0.004501,0.0034323999583333333,0.08044,0.0187,0.003966700002531688,0.04956999984979629,9
2024770216,4,0.004372,0.0034654,0.07361,0.021862000333333333,0.003918700114306808,0.04773600032283083,9
447971550,0,0.006767,9.868600208333333E-4,0.1049,5.6554E-4,0.0038769300462688605,0.05273277123977661,1
1202636597,2,0.00502,0.0025376,0.009613,0.00136084,0.0037788000202655793,0.005486919928236008,9
685758680,2,0.003857,0.003418,0.01172,1.3732E-4,0.003637500016219914,0.005928659917447567,9
1329653148,4,0.004112,0.0030746,0.05566,0.00145706,0.003593300055745244,0.02855852910414219,10
1329653148,13,0.003929,0.0032561999583333332,0.06171,0.00251384,0.0035925999202623764,0.03211192001907349,10
1329653148,25,0.003899,0.0031556,0.05878,0.0021982000625,0.003527299943293631,0.030489099838130952,10
1329653148,5,0.004333,0.002698000083333333,0.134,0.0026110000416666667,0.003515500123906175,0.06830550168976339,10
1329653148,11,0.004097,0.0029106,0.05042,0.0019352,0.0035038001150518657,0.026177600574588775,10
1329653148,16,0.00412,0.0028512,0.02393,0.00241096,0.0034856000862032175,0.013170480070631504,10
1329653148,2,0.00396,0.00299,0.05798,0.0026238,0.003474999942705035,0.030301900486373903,10
350775748,2,0.004524,0.0023712000416666666,0.06873,0.008407600166666666,0.003447600015349706,0.03856879842394002,9
1329653148,10,0.003738,0.003105999958333333,0.06677,0.00180274,0.003422000007985512,0.034286371122951506,10
1329653148,18,0.004066,0.0027038000416666668,0.09521,0.0031592,0.0033849001342758736,0.049184600436306,10
1329653148,8,0.003895,0.0028138,0.06641,0.005099800083333333,0.003354400044479966,0.03575489886268679,10
1329653148,24,0.003639,0.0030676,0.0426,0.005027400166666667,0.0033533000011473895,0.02381369929059156,10
1329653148,12,0.003693,0.0029678,0.04803,0.006262,0.0033303999739080666,0.027146000090003015,10
1329653148,3,0.003807,0.0028284000833333333,0.07361,0.002121999979166667,0.003317699983939568,0.0378660001457475,10
1329653148,19,0.003647,0.002962,0.06799,0.0052978,0.0033045000316053626,0.036643898782873156,10
1329653148,29,0.003643,0.00287,0.07397,0.004156200020833333,0.0032565000163763762,0.03906309874322192,10
1329653148,22,0.00359,0.0028974,0.05865,0.0108418,0.0032437000474229453,0.03474589907910824,10
212499161,1,0.00346,0.0030178,0.006149,2.2487200130208334E-4,0.003238900018142164,0.003186936011931221,9
1329653148,26,0.00375,0.0027022,0.04553,0.00294462,0.003226099958090484,0.02423730941945076,10
1329653148,14,0.003639,0.0028094,0.0495,0.0029896000416666665,0.0032242000011473895,0.026244799886722882,10
1329653148,1,0.003613,0.0028182000416666665,0.03619,0.00245176,0.0032156000394076307,0.019320879715685843,10
1388540198,0,0.003952,0.002419,0.06433,3.5936E-4,0.003185499912247062,0.03234467835252762,9
1329653148,21,0.003628,0.002716200041666667,0.05035,0.0016338999791666667,0.0031720999801010093,0.02599194959917291,10
1329653148,27,0.003628,0.0027038000833333334,0.04889,0.0027358,0.0031659000009343426,0.025812899173283575,10
1329653148,15,0.003262,0.0030652,0.06079,0.007202999979166667,0.0031635999627992514,0.03399649929995759,10
1694710801,0,0.003159,0.003151,0.03687,1.98332E-4,0.00315500003631413,0.018534165510645868,10
609252510,0,0.003315,0.0029852,0.1072,0.00103998,0.0031501000481680037,0.0541199883549118,1
1329653148,6,0.004059,0.0022292415254237287,0.0517,0.003959058474576271,0.003144120733088356,0.02782952909721722,10
609260421,0,0.003311,0.0029702,0.1183,0.018193,0.003140600032939017,0.06824649917149544,9
1329653148,20,0.003475,0.0027772000833333334,0.05817,0.00194166,0.003126100000502209,0.030055829114274978,10
7053513,0,0.003513,0.002739,0.1074,0.018826,0.0031259999870955945,0.06311300004768372,9
1639398186,3,0.005264,9.8578E-4,0.01941,1.3046000130208333E-4,0.003124890017911196,0.009770229626333872,9
212499161,3,0.003189,0.003042399875,0.00473,1.8674E-4,0.0031156999716162085,0.002458370080317259,9
7053513,2,0.003693,0.0025236,0.09167,0.015678,0.0031082999739080667,0.05367399953150749,9
7053513,1,0.003624,0.0025854,0.08325,0.018364,0.003104699944038689,0.0508070005364418,9
1329653148,17,0.003357,0.002813,0.05133,0.0034462000416666666,0.0030849999752417204,0.02738810010189565,10
609252516,0,0.00338,0.0027452,0.2092,0.00252588,0.0030625999463930725,0.10586293740123749,1
871805047,1,0.003368,0.0027114,0.06207,0.0010514399895833334,0.0030397000171214343,0.031560720453151385,9
1329653148,23,0.003368,0.0026808000416666668,0.04828,0.0037752,0.003024400037954768,0.026027600343322754,10
1329653148,7,0.003284,0.0027582,0.1086,0.0028584001666666667,0.0030211000465586784,0.05572919911177762,10
1329653148,28,0.003273,0.0027468,0.04987,0.004018,0.003009900004678965,0.026943999644756318,10
609252514,0,0.003407,0.0025534000416666666,0.1609,4.2456E-4,0.0029802000700220664,0.08066227837875366,1
609252512,0,0.003242,0.0027038000416666668,0.2268,2.92E-4,0.0029729000239029726,0.11354599735355377,1
685758680,3,0.003407,0.0025338,0.003819,1.77006E-4,0.002970400049188733,0.001998002987959862,9
1202636597,0,0.003338,0.0025818000416666666,0.007286,7.7826E-4,0.002959900040152689,0.004032130032752752,9
1329653148,9,0.003147,0.002738,0.0528,0.0038696000416666666,0.0029424999906271696,0.028334799877782185,10
840454103,27,0.003677,0.0021224,0.2185,0.00117108,0.0028997000294074416,0.1098355416093254,9
840454103,28,0.003765,0.0019088,0.1731,0.027097234,0.0028369000151991846,0.10009861432971191,9
350775748,1,0.00333,0.002310400041666667,0.1074,0.010448400166666667,0.0028202000096947157,0.05892420013101705,9
840454103,10,0.003822,0.001795,0.1709,0.02629467600065104,0.0028084999993816017,0.0985973390612882,9
840454103,44,0.003952,0.0016498,0.2449,0.04389588,0.0028008999122470617,0.14439794153779983,9
1303031391,10,0.003086,0.002492600125,0.00473,3.7004E-5,0.0027893000537157655,0.002383502080317259,1
350775748,3,0.003258,0.0022796000416666668,0.1409,0.011816,0.0027687999684035975,0.07635800046491623,9
350775748,0,0.003185,0.0023408,0.09094,0.0094826005,0.002762900018887222,0.05021129956335449,9
840454103,9,0.002945,0.0025602,0.1851,0.024810824,0.002752600036470592,0.10495541403847886,9
840454103,35,0.003796,0.0016906,0.1992,0.05905192,0.00274330001680851,0.12912596216960906,9
840454103,24,0.003761,0.001696,0.1821,0.01547694,0.0027284999999701975,0.09878846899864197,9
1303031391,28,0.00285,0.002548,0.01556,3.0328E-5,0.0026990000240281224,0.007795164101774931,1
1971328329,0,0.003536,0.0018266,0.03098,0.00380204,0.0026812999582469465,0.017391020136196613,1
1303031391,12,0.002857,0.002487,0.01862,1.849939990234375E-5,0.002672000050678849,0.009319249344707488,1
1303031391,13,0.002747,0.002582200166666667,0.01544,3.3377199951171874E-5,0.0026646000644610125,0.007736688710542202,1
840454103,41,0.004112,0.0012036,0.1807,0.022899560666666666,0.002657800055745244,0.1017997823837331,9
1303031391,24,0.002808,0.002499,0.002815,2.2701E-5,0.0026534999805390832,0.0014188505071898103,1
1639398186,2,0.00428,0.0010070400208333334,0.01666,8.63302E-4,0.0026435200072874227,0.008761650633133411,9
1303031391,20,0.002785,0.002502,0.01947,1.4305739929199218E-5,0.0026435000093877315,0.00974215318974352,1
1303031391,19,0.002762,0.0025116,0.02032,6.618200065104166E-5,0.0026368000382363797,0.010193091063804468,1
1303031391,0,0.002781,0.0024736,0.02246,2.879960001627604E-5,0.0026272999941587445,0.011244400094753106,1
1202636597,3,0.002644,0.0026044,0.01198,0.0026356,0.002624200054642558,0.0073077999760091305,9
1303031391,22,0.002766,0.0024812,0.00333,4.215E-5,0.002623600053465366,0.001686074988861382,1
685758680,0,0.003014,0.002184400125,0.001865,2.1208E-4,0.0025992000124246475,0.001038539999180436,9
1303031391,6,0.002728,0.002468,0.02112,3.223479996744792E-5,0.002598000025205314,0.010576117715292295,1
1303031391,14,0.002754,0.002441,0.02106,2.7847399983723957E-5,0.0025975000077784064,0.010543923321204345,1
840454103,40,0.003353,0.0018282,0.1721,0.0274717,0.002590599960012734,0.09978584631643295,9
1303031391,15,0.002747,0.002434,0.01819,3.2042E-5,0.0025904999811276795,0.009111021103116035,1
1303031391,29,0.002655,0.0025052,0.02698,7.7828E-5,0.00258009998010695,0.013528913808371066,1
1303031391,8,0.002747,0.0024094,0.02945,3.0708399983723956E-5,0.0025781999811276793,0.014740353866205851,1
1303031391,2,0.002689,0.0024594001666666666,0.009033,3.0135400553385418E-5,0.002574200076471349,0.00453156774861606,1
840454103,47,0.003323,0.001783,0.1553,0.011642946,0.002552999962210655,0.08347147613520431,9
1303031391,17,0.00267,0.002419,0.01755,4.730440128580729E-5,0.00254450003721565,0.008798652661088785,1
1303031391,26,0.00256,0.0025188000416666665,0.007172,5.931E-5,0.0025393999884978135,0.0036156550643879175,1
840454103,46,0.003525,0.0015529999791666666,0.2124,0.02486494,0.002539000022365888,0.11863247213384628,9
1303031391,16,0.002594,0.002483,0.004257,1.8501599934895834E-5,0.0025384999806955457,0.002137750825686852,1
1303031391,7,0.002674,0.002370600125,0.00721,1.2017139998372396E-4,0.002522300114944637,0.0036650856762245098,1
1303031391,5,0.002647,0.002388,0.01291,3.9674E-5,0.002517499949648976,0.006474837024288893,1
840454103,25,0.003448,0.0015530000208333332,0.1863,4.1924E-4,0.00250049998287187,0.09335961729394912,9
840454103,20,0.003201,0.0017456,0.1682,0.006926144,0.002473299963387847,0.08756307256028366,9
1202636597,4,0.002491,0.0024308001666666665,0.01663,7.112400104166667E-4,0.002460900137543758,0.008670619756954987,9
1202636597,1,0.002464,0.0024094000416666666,0.01825,0.0013632800208333332,0.002436699972248097,0.009806639876306216,9
840454103,31,0.00333,0.0015273999791666666,0.1829,0.018944180666666668,0.0024286999784447153,0.10092208865248235,9
840454103,36,0.002739,0.0020782,0.1794,0.03701516,0.002408599950669706,0.10820757849796295,9
840454103,48,0.003521,0.0012058000625,0.1699,0.03244030008333333,0.002363400048803568,0.10117015008935037,9
840454103,13,0.002712,0.002010399958333333,0.1553,0.01882186,0.002361199943456034,0.08706093313520431,9
840454103,45,0.002701,0.0019298,0.1653,0.02849512,0.0023154000388249754,0.09689755836683273,9
840454103,16,0.003265,0.0013116000208333333,0.1934,0.043271474,0.0022882999846376576,0.11833573478270722,9
358933855,0,0.002609,0.0019596,0.0625,1.38858E-4,0.0022843000378042462,0.031319429,1
840454103,23,0.003384,0.0011532,0.1689,0.044162126,0.0022685999616220594,0.10653106203440475,9
840454103,1,0.002823,0.0016723999791666666,0.198,0.02862226,0.002247700027231117,0.1133111294635582,9
840454103,17,0.003307,0.0011488000208333333,0.1787,0.024660079333333335,0.002227900028126697,0.10168003969050853,9
840454103,21,0.002937,0.0015151999791666666,0.1687,0.016000040010416668,0.0022260999955959516,0.09235001734684117,9
1358321947,1,0.002644,0.0018066,0.02835,0.0022078,0.002225300054642558,0.015278899669194221,9
840454103,6,0.002628,0.0017748,0.1782,0.023011058,0.002201399993726611,0.10060553224249268,9
840454103,38,0.003025,0.0013336,0.2007,4.62698E-4,0.0021792999918043613,0.10058134896423722,9
212499161,0,0.002445,0.0019086,0.008392,1.7644E-4,0.0021767999954923987,0.0042842198197853565,9
1650628364,0,0.002422,0.0019284,0.06299,1.85188E-4,0.002175200024341047,0.031587595167058946,9
840454103,0,0.003178,0.0011542,0.2102,0.019728180333333335,0.002166099992236495,0.11496408858118312,9
840454103,3,0.00312,0.0012116,0.2029,0.02343126,0.002165800004246831,0.11316563368356705,9
840454103,42,0.003033,0.0012804,0.2412,0.037030202,0.002156700022262335,0.13911510102384186,9
1358321947,7,0.002476,0.0018372,0.03992,0.0035872,0.002156599997101724,0.02175359924838543,9
840454103,19,0.002701,0.001608,0.1716,0.018860572001302083,0.0021545000388249755,0.09523028553573482,9
840454103,26,0.003082,0.0012206000208333334,0.1726,0.0443196,0.0021512999864034456,0.10845980054836274,9
840454103,39,0.002724,0.0015748,0.187,0.03761728,0.002149400009976327,0.11230864321865082,9
1352452146,0,0.002186,0.0021084,0.02155,0.004366400083333334,0.0021472000571534037,0.012958199898615519,9
840454103,4,0.003059,0.0012294,0.1721,0.0037250841666666666,0.002144200004835427,0.08791253839976629,9
1358321947,3,0.002449,0.0018272,0.03131,0.0027129999583333335,0.0021381000107213856,0.017011499741940182,9
1358321947,6,0.002399,0.0018664,0.05176,0.0016908000208333334,0.002132700053189695,0.026725399633119266,9
1352452146,1,0.002171,0.0020894,0.02951,0.0053376,0.0021302000000447035,0.017423800360310077,9
1358321947,2,0.002403,0.0018534,0.04425,0.002187199958333333,0.0021281999520033597,0.023218600113277116,9
840454103,37,0.00301,0.0012444,0.1914,0.01731298,0.0021272000511109827,0.10435649320672989,9
1224526820,1,0.003296,9.3652E-4,0.05829,0.0012413,0.0021162599758303164,0.029765650502467156,10
840454103,32,0.002583,0.0016203999791666666,0.2239,0.01006628,0.0021017000448144874,0.11698314261068345,9
1358321947,0,0.002388,0.0018116,0.04803,0.0032823999583333333,0.0020998000113099814,0.02565620006916968,9
1358321947,5,0.002388,0.0018092,0.0365,0.003474400083333333,0.0020986000113099815,0.019987199773445766,9
840454103,22,0.002892,0.0012894000416666667,0.1868,0.02266742,0.0020906999719351727,0.1047337115258789,9
1205597814,0,0.002174,0.0019912000416666665,0.09351,0.013013586,0.002082600032299777,0.05326179394890594,9
1352452146,2,0.002132,0.002031400125,0.02829,0.005371,0.0020817000304774046,0.016830499906420708,9
1358321947,4,0.002396,0.0017544,0.03967,0.0021104000416666668,0.0020752000417679547,0.020890200878544173,9
840454103,30,0.002457,0.0016871999791666667,0.1653,0.016724142,0.002072100030762692,0.09101206936683273,9
840454103,29,0.002979,0.0011439999791666667,0.1687,0.025911519994791667,0.002061500039084991,0.09730575733902867,9
1358321947,8,0.002335,0.0017618,0.03024,0.0037714002083333335,0.0020484000423565507,0.01700569975130717,9
1393056113,23,0.002682,0.0014094,0.1616,0.0304306,0.0020456999664872884,0.09601529685287476,9
1639398186,0,0.002922,0.0011470000416666667,0.02298,7.25928E-4,0.002034499969737252,0.011852964411868096,9
1348146260,2,0.002739,0.0013284,0.05304,9.358999947916667E-4,0.002033699950669706,0.026987950768083892,9
840454103,7,0.002781,0.0012512,0.2024,0.01262182,0.002016099994158745,0.10751090945163727,9
1358321947,9,0.002293,0.001732,0.02731,0.002131,0.0020124999988675118,0.014720500366270543,9
840454103,49,0.002377,0.001643,0.2073,0.032842849333333334,0.002009999969430268,0.12007142833831279,9
1393056113,24,0.002422,0.001559,0.1682,0.0116256,0.0019905000243410466,0.08991280056028367,9
840454103,43,0.002659,0.0013174,0.2085,0.012555280083333334,0.0019881999953359365,0.11052763896878307,9
840454103,34,0.002823,0.0011518000208333332,0.177,0.023389582,0.0019874000480644503,0.1001947915364418,9
840454103,15,0.00272,0.0012512,0.188,0.015734044,0.0019855999947473407,0.10186701878134918,9
685758680,1,0.003345,6.2544E-4,0.005043,1.68604E-4,0.001985220045970082,0.0026058019914169312,9
871805047,0,0.002529,0.001403,0.04987,0.0010493600208333334,0.0019659999660551547,0.025459679655172984,9
1639398186,4,0.002735,0.0011894,0.0188,1.69558E-4,0.001962200051856041,0.009484778864399433,9
871805047,2,0.002457,0.0014359999791666667,0.0484,0.00103682,0.0019465000307626922,0.024718409868869782,9
1393056113,17,0.002655,0.0012344,0.1213,0.016491560083333332,0.0019446999801069498,0.06889577852770869,9
840454103,2,0.002495,0.0013782,0.1748,0.023919892000651043,0.0019365999530240893,0.09935994281743749,9
840454103,14,0.002621,0.0012030000208333334,0.1917,0.0131314,0.001911999977492551,0.10241569829530715,9
1393056113,3,0.002602,0.0012032,0.1709,0.03645922,0.001902600011153519,0.10367961106096268,9
1393056113,9,0.002552,0.0012214000208333334,0.1394,0.02728722,0.0018867000640384953,0.08334361267028809,9
840454103,33,0.002441,0.0013268000208333333,0.2078,0.02122262,0.0018838999906800786,0.1145113104529953,9
1393056113,20,0.002235,0.0014968,0.1222,0.00876746,0.0018659000108778476,0.06548372865293503,9
1393056113,14,0.002331,0.0013720000208333333,0.1511,0.0069247,0.0018515000375442306,0.07901234738931656,9
1393056113,18,0.002369,0.0013064,0.1331,0.003723579833333333,0.0018377000553876162,0.06841179141870371,9
1393056113,16,0.002411,0.0012128,0.1741,0.02443532,0.0018118999824613333,0.09926765834299088,9
1393056113,15,0.002392,0.0012154,0.126,0.009988960010416667,0.0018037000265389682,0.06799448101848729,9
1393056113,8,0.002396,0.0011936,0.1345,0.021351600333333335,0.0017948000417679548,0.0779257986169459,9
1968678699,1,0.001852,0.001719,0.047,0.006345999916666667,0.0017855000078938902,0.026672999153670628,9
1393056113,21,0.002033,0.0015346000416666668,0.1345,0.0228578,0.0017838000775546035,0.07867889845027924,9
840454103,12,0.002018,0.0015283999791666667,0.1897,0.02626632,0.0017731999891959032,0.10798316371932984,9
1393056113,19,0.002289,0.0012412,0.147,0.01123798,0.001765099983638525,0.07911898994039536,9
1968678699,3,0.001848,0.0016786,0.04163,0.006860199916666667,0.0017632999926649033,0.024245099896344505,9
1322009214,1,0.001915,0.0015967999583333334,0.001245,2.9946740010579426E-5,0.0017558999940864542,6.374733952068786E-4,9
840454103,11,0.002464,0.0010319999791666666,0.1804,0.027443566,0.0017479999409980972,0.10392178251124191,9
1393056113,0,0.00227,0.0011878000208333332,0.1218,0.018675,0.0017289000381328266,0.0702374989926815,9
1393056113,5,0.002121,0.0013332,0.1208,0.016164840208333333,0.001727100042513013,0.06848242180885951,9
1393056113,11,0.002197,0.0012548,0.1348,0.014278000083333334,0.0017258999826177954,0.07453900103110377,9
1393056113,1,0.002232,0.0012038,0.146,0.012388260010416667,0.0017178999994561077,0.07919412893232473,9
1968678699,2,0.00185,0.0015732,0.05139,0.005242800083333333,0.001711600000279397,0.028316399885502497,9
840454103,8,0.002159,0.0012618,0.2463,0.0079977,0.0017103999543577433,0.12714884848604202,9
1393056113,7,0.002232,0.0011828,0.1616,0.002786899916666667,0.0017073999994561076,0.08219344681120809,9
1393056113,4,0.002178,0.0012328000208333334,0.1582,0.006181780166666667,0.001705400037112097,0.08219088796140799,9
1005190908,1,0.002583,8.1902E-4,0.06213,2.5272201041666664E-4,0.001701010055231154,0.031191361226341564,10
1393056113,10,0.002136,0.0012514000208333333,0.1318,0.012645319994791666,0.0016936999936230579,0.07222265794699605,9
1393056113,12,0.002113,0.0012728,0.1587,0.022908760010416668,0.0016929000120550395,0.09080438211521276,9
840454103,18,0.002266,0.0011164,0.1611,0.030948419994791667,0.001691200012487173,0.09602421006892141,9
1639398186,1,0.002354,9.689E-4,0.01541,1.915E-4,0.0016614499982789159,0.0078007502291798595,9
1393056113,13,0.002159,0.0011638000208333333,0.1338,0.0134982,0.00166139996477441,0.07364909997615814,9
1389045297,70,0.001759,0.0015616,0.003014,4.5201199951171875E-5,0.0016603000030659138,0.0015296005499002337,9
1393056113,2,0.002029,0.0012674000208333332,0.167,0.00763822,0.00164820005190895,0.08731910785423279,9
1322009214,0,0.001682,0.001566,0.001528,3.5672940002441404E-5,0.0016240000009462236,7.818364667080641E-4,9
1393056113,22,0.002033,0.0012048000208333333,0.1499,0.01743318,0.0016189000671379366,0.08366659213384628,9
1348146260,0,0.001928,0.0013096,0.0506,3.5171999479166664E-4,0.0016188000062063337,0.02547585986030515,9
1968678699,0,0.001856,0.0013701999791666667,0.04419,0.0068374,0.0016131000127062103,0.025513700371336937,9
1348146260,1,0.002113,0.0010572000208333334,0.06128,3.3702200130208336E-4,0.0015851000224717062,0.030808511478084246,9
1393056113,6,0.001863,0.0013038000208333332,0.1594,0.0125076,0.0015834000019826094,0.08595380058412552,9
1343463734,0,0.00172,0.0013940000208333334,0.0296,7.3242E-5,0.0015569999814152818,0.014836621004470349,8
840454103,5,0.001637,0.00129,0.1741,0.02802214,0.0014635000042431056,0.10106106834299088,9
212499161,2,0.001728,0.001188,0.006866,2.0788E-4,0.0014580000014565884,0.00353694006352365,9
1005190908,6,0.001921,9.7562E-4,0.06702,7.3634E-5,0.0014483099795556068,0.0335468165136261,10
771338739,0,0.001427,0.001396,0.05951,6.180160001627604E-5,0.0014115000196285546,0.029785900825042087,9
873477572,0,0.00176,0.0010181999583333333,0.06213,3.00422E-4,0.0013890999860398272,0.031215211221133233,10
1005190908,2,0.001816,9.493E-4,0.06396,1.8214601171875E-4,0.0013826499872483314,0.03207107344216537,10
1005190908,7,0.001804,9.4316E-4,0.06238,3.04596E-4,0.001373579999769032,0.031342298474452975,10
1005190908,0,0.001741,9.5102E-4,0.06323,0.003371532,0.0013460099927431345,0.033300766218153,10
1005190908,4,0.001764,8.9968E-4,0.06323,1.89972E-4,0.0013318400221021473,0.031709986218153,10
1005190908,8,0.001623,0.001007,0.07007,6.008E-5,0.001315000009149313,0.035065039251365664,10
494787097,1,0.001434,0.0011932,0.02545,0.004437999916666667,0.0013135999880716205,0.014944000228044351,9
494787097,0,0.001408,0.0011854,0.01929,0.004481600083333333,0.0012967000054985285,0.01188580014180247,9
1005190908,9,0.001581,9.5862E-4,0.06262,8.9838E-5,0.0012698100238679349,0.031354918525547025,10
494787097,2,0.001375,0.0011574000208333334,0.04248,0.0034952,0.0012662000066913765,0.022987599681711195,9
494787097,5,0.001369,0.0011462,0.02585,0.004704,0.0012575999734312296,0.015276999929964542,9
494787097,3,0.001362,0.0011508,0.03766,0.0036614,0.0012564000049881637,0.02066069949157238,9
1005190908,3,0.001492,9.9256E-4,0.0625,2.8211000130208335E-4,0.0012422799760612845,0.03139105500065104,10
494787097,4,0.001289,0.001173,0.04089,0.0038598,0.0012310000180974603,0.022374900380277632,9
1005190908,5,0.001474,9.5842E-4,0.06262,0.006651714000651041,0.001216210023946166,0.034635856525872546,10
1863690462,2,0.001684,5.125E-4,0.03491,0.0025862,0.001098250008560717,0.018748100430345534,0
683388149,0,0.00111,9.672E-4,0.01498,0.0011686800208333334,0.0010385999768845737,0.008074340232294957,9
341499666,0,0.001396,6.636E-4,0.04022,3.57054E-4,0.001029800018019229,0.02028852692489815,10
683388149,2,0.001066,9.2792E-4,0.01215,0.0011156,9.969599839887023E-4,0.006632799924749136,9
683388149,1,0.001043,9.3518E-4,0.01143,0.00147824,9.890900128373503E-4,0.006454119977499247,9
437863935,0,0.001112,7.513E-4,0.02188,3.3796E-4,9.31649984499067E-4,0.011108980414848327,9
1005831090,32,9.604E-4,8.3026E-4,0.001354,4.7302E-5,8.953299893970787E-4,7.006509745301902E-4,9
437863935,1,0.00104,6.790400104166667E-4,0.02423,3.3094E-4,8.595200066239437E-4,0.012280469815821647,9
1863690462,0,0.001188,5.039E-4,0.04883,0.00376466,8.459499828115106E-4,0.026297329410510065,0
437863935,2,0.001017,6.668000208333334E-4,0.04346,6.2962E-4,8.418999824732641E-4,0.022044810153183936,9
1862501286,0,0.001272,3.7362E-4,0.06097,4.596580126953125E-5,8.228100115819276E-4,0.030507983361974716,1
1814200178,0,0.001148,4.435E-4,0.003517,1.4247000130208334E-4,7.957500051446258E-4,0.0018297350029756229,9
1863690462,1,0.00103,5.179854370292325E-4,0.02631,0.0022791441781743185,7.739927400654207E-4,0.014294572373401315,0
686717176,15,0.00104,5.0296E-4,0.01382,1.6977E-5,7.714800014156103E-4,0.006918488496423721,1
1005831090,4,8.268E-4,6.6852E-4,0.01071,6.217240063476562E-5,7.476600046178699E-4,0.00538608623056674,9
437863928,1,9.861E-4,4.6732E-4,0.02808,4.5388E-4,7.267100290356577E-4,0.014266939805390835,9
1389045297,21,7.887E-4,6.492800104166667E-4,0.01299,5.8746E-5,7.189900102892567E-4,0.00652437286320734,9
686717012,4,8.068E-4,6.298E-4,0.001116,3.7576E-5,7.182999866805971E-4,5.767879997280539E-4,1
501114088,2,9.565E-4,4.7054E-4,0.05988,1.40958E-4,7.135200036526471E-4,0.030010478803900717,0
501114088,5,9.623E-4,4.6176E-4,0.05707,7.3042E-5,7.120299966308475E-4,0.028571520117255212,0
501114088,7,9.489E-4,4.4804E-4,0.05853,1.09654E-4,6.984700038214028E-4,0.02931982655356121,0
686717012,3,8.907E-4,4.899800104166667E-4,0.002712,2.5556E-5,6.903399911747923E-4,0.0013687779642893672,1
501114088,0,9.165E-4,4.6178E-4,0.05975,6.8276E-5,6.89139996881932E-4,0.029909137076128006,0
1814199904,0,9.489E-4,4.005199947916667E-4,0.01508,3.7764E-5,6.747100012172362E-4,0.007558882136941671,10
686717176,5,8.593E-4,4.6652E-4,0.05969,3.471439998372396E-5,6.629100119380653E-4,0.029862356513346355,1
501114088,4,8.373E-4,4.7836E-4,0.06226,1.16908E-4,6.578299863862991E-4,0.031188453086260795,0
686717176,14,8.497E-4,4.6008E-4,9.279E-4,2.0791200602213542E-5,6.548900044923276E-4,4.7434561148182057E-4,1
686717176,3,8.259E-4,4.8276E-4,0.009232,6.827639998372395E-5,6.543300011913479E-4,0.00465013842389671,1
1389045297,78,7.381E-4,5.701200104166667E-4,0.001467,4.1770740661621093E-5,6.541099922655572E-4,7.543853676262497E-4,9
686717176,6,8.144E-4,4.9286E-4,0.04102,3.9100001953125E-5,6.536299865118414E-4,0.02052954924638176,1
501114088,3,8.612E-4,4.4554E-4,0.05884,1.19768E-4,6.533699900680035E-4,0.029479883569654464,0
501114088,8,8.154E-4,4.677E-4,0.06146,7.7438E-5,6.415499903190881E-4,0.030768718765753746,0
686717176,11,8.173E-4,4.6368E-4,0.05878,2.0026599934895834E-5,6.404899975528568E-4,0.029400013106848397,1
501114088,6,7.61E-4,5.197600104166666E-4,0.0542,9.2122E-5,6.40379992140015E-4,0.02714606153048134,0
437863928,0,6.704E-4,6.1014E-4,0.01709,0.00139604,6.402699912410974E-4,0.009243020106096268,9
686717176,0,7.982E-4,4.8048E-4,0.007561,1.335139990234375E-5,6.393400121459365E-4,0.003787175731958866,1
686717176,8,8.23E-4,4.5416E-4,0.02747,3.089839998372396E-5,6.385799901503324E-4,0.0137504492440993,1
686717176,7,7.448E-4,5.247E-4,0.008255,2.3652340026855468E-5,6.347500125657767E-4,0.004139326283113241,1
686717176,18,8.097E-4,4.4842E-4,0.009186,2.0028740010579428E-5,6.290599977216124E-4,0.004603014185946146,1
686717176,19,8.011E-4,4.5664E-4,0.01274,1.0490199951171874E-5,6.288699940831214E-4,0.006375245175524473,1
501114088,9,8.001E-4,4.4708E-4,0.06183,7.0196E-5,6.235899902758747E-4,0.030950097544620515,0
1005831090,11,7.229E-4,5.2356003125E-4,0.001123,2.5559601888020832E-5,6.232300030197353E-4,5.74279827322791E-4,9
686717176,9,7.868E-4,4.5394E-4,0.003563,8.9268E-5,6.203699978471547E-4,0.001826133944627285,1
686717176,2,7.696E-4,4.6366E-4,0.007652,1.3542599975585937E-5,6.166299905701727E-4,0.00383277132920897,1
686717012,1,8.049E-4,3.9124E-4,0.01393,2.7466E-5,5.980700085506588E-4,0.006978733182390213,1
1005831090,43,6.647E-4,5.056200208333334E-4,0.001476,5.3024E-5,5.851600090602885E-4,7.645119733529985E-4,9
686717176,4,7.114E-4,4.5432E-4,0.03937,5.2643199951171875E-5,5.828600018190593E-4,0.019711321781173706,1
501114088,1,7.172E-4,4.4782E-4,0.05695,1.33516E-4,5.825099947972596E-4,0.028541757591708183,0
384861629,3,5.903E-4,5.687600208333333E-4,0.008423,8.05666E-4,5.795300168394396E-4,0.004614332821394682,10
1389045297,1,6.552E-4,4.9286E-4,0.006294,3.0328E-5,5.740299915786087E-4,0.003162163981254339,9
1005831090,21,8.516E-4,2.9546E-4,0.002026,2.4986001302083334E-5,5.735300117260963E-4,0.001025493030721585,9
384861629,4,6.161E-4,5.1938E-4,0.005539,3.7675601041666667E-4,5.677399882344156E-4,0.002957878022374471,10
1389045297,14,6.38E-4,4.879E-4,0.001131,3.2045E-5,5.629500134054571E-4,5.815224986290932E-4,9
1389045297,60,6.514E-4,4.7302E-4,0.001778,2.765579988606771E-5,5.622100062149018E-4,9.028279171389739E-4,9
1389045297,3,5.703E-4,5.5122E-4,0.001688,2.6321600016276042E-5,5.607599884855002E-4,8.571608237978418E-4,9
1005831090,47,6.17E-4,4.991600104166667E-4,0.001219,3.795459993489583E-5,5.58079996869271E-4,6.284772843882839E-4,9
1005831090,16,6.247E-4,4.899800104166667E-4,0.001524,4.5212E-5,5.573399970812401E-4,7.846059814778566E-4,9
686717176,12,6.58E-4,4.5278E-4,0.001011,3.775933994547526E-5,5.553900022388995E-4,5.243796773935159E-4,1
686717176,13,6.409E-4,4.6232E-4,0.01096,2.136219999186198E-5,5.516099953426421E-4,0.005490680917903741,1
686717176,16,6.285E-4,4.61575E-4,0.01767,3.45722499593099E-5,5.450375063404441E-4,0.008852286110972564,1
384861629,2,5.951E-4,4.9496E-4,0.001883,4.8074E-5,5.450299955937266E-4,9.655370095032155E-4,10
1389045297,55,6.151E-4,4.7438E-4,0.001276,6.485E-5,5.447400135309994E-4,6.704250268109143E-4,9
1389045297,4,5.817E-4,5.07E-4,0.01437,4.405160001627604E-5,5.44350002784282E-4,0.007207025794941743,9
1389045297,32,6.084E-4,4.7094E-4,0.001534,3.9674E-5,5.396699880224466E-4,7.868370195503235E-4,9
1005831090,29,5.846E-4,4.6804E-4,0.001839,3.8918E-5,5.263200138252974E-4,9.389590166073441E-4,9
1389045297,6,5.856E-4,4.6596E-4,0.004448,3.929579988606771E-5,5.257799885287136E-4,0.0022436478379393022,9
1005831090,13,6.056E-4,4.3315999479166665E-4,0.001198,4.749160001627604E-5,5.193800038618197E-4,6.227458208921154E-4,9
1389045297,33,5.341E-4,4.993600208333333E-4,0.001207,2.3459E-5,5.167300065989891E-4,6.152294969415367E-4,9
1389045297,96,5.856E-4,4.3946E-4,0.001287,2.079139998372396E-5,5.125299885287136E-4,6.538957104748289E-4,9
1389045297,28,5.693E-4,4.5356E-4,0.001644,4.864639998372396E-5,5.11430013782084E-4,8.463231726780335E-4,9
1005831090,2,5.617E-4,4.6082E-4,0.001095,1.09466E-4,5.112600139508397E-4,6.022329779835343E-4,9
1389045297,61,5.846E-4,4.3736E-4,0.001396,4.1388E-5,5.109800138252973E-4,7.186940180192292E-4,9
1389045297,74,5.217E-4,4.916800104166666E-4,9.441E-4,2.4034E-5,5.066900123884578E-4,4.840669855466187E-4,9
1389045297,51,5.369E-4,4.7186E-4,0.01843,5.149E-5,5.043800068426132E-4,0.009240745085532666,9
1005831090,30,5.417E-4,4.6462E-4,0.001051,2.3840000651041665E-5,5.031599960135669E-4,5.374199854131838E-4,9
1005831090,50,5.856E-4,4.1713999479166665E-4,0.001999,3.7574E-5,5.013699859245469E-4,0.0010182870436902045,9
1389045295,0,5.713E-4,4.285799947916667E-4,0.006409,4.6692E-4,4.999399896885802E-4,0.0034379600698417425,9
1005831090,44,5.503E-4,4.4725999479166667E-4,0.001251,3.1660000651041665E-5,4.987799970478913E-4,6.413299901629289E-4,9
1389045297,84,6.094E-4,3.8036E-4,0.01186,3.032760001627604E-5,4.948799918296933E-4,0.005945163784808954,9
1389045297,17,5.646E-4,4.232399947916667E-4,0.001238,1.0623779996744792E-4,4.939199932838579E-4,6.72118898534586E-4,9
437863928,2,5.541E-4,4.3222E-4,0.007568,2.42984E-4,4.931600141195953E-4,0.003905491942243099,9
1389045297,16,6.113E-4,3.7401999479166664E-4,0.001593,6.961600130208334E-5,4.926599964592954E-4,8.31308011998276E-4,9
1389045297,73,6.008E-4,3.8413999479166666E-4,0.002972,7.267439998372396E-5,4.924699855870356E-4,0.0015223372228427927,9
1005831090,33,5.875E-4,3.9294E-4,0.001535,4.1005601318359375E-5,4.902199957624823E-4,7.880028240167499E-4,9
686717176,1,5.112E-4,4.6746E-4,0.00104,2.4223480021158854E-5,4.893299963078648E-4,5.321117414261897E-4,1
1389045297,98,5.77E-4,3.965399947916667E-4,9.67E-4,9.079E-5,4.8677001138988635E-4,5.288950145249069E-4,9
1389045297,34,5.693E-4,4.0205999479166665E-4,0.001186,3.490379996744792E-5,4.856800111779173E-4,6.104518751807412E-4,9
1389045297,13,5.732E-4,3.9689999479166667E-4,0.001501,1.15018E-4,4.850499969223489E-4,8.080090103265047E-4,9
1389045297,67,5.722E-4,3.9254E-4,0.002216,3.586E-5,4.8236999571926893E-4,0.0011259300549554825,9
1389045297,8,5.531E-4,4.1104E-4,9.565E-4,4.406E-5,4.820700103123486E-4,5.002800036526472E-4,9
1389045297,10,5.684E-4,3.9214E-4,0.001335,4.539559993489583E-5,4.80270010355562E-4,6.901978185752729E-4,9
532613684,0,6.781E-4,2.7104E-4,0.01393,6.008200130208333E-5,4.7456999145306644E-4,0.0069950411830412545,0
1389045297,63,5.264E-4,4.22659984375E-4,0.002228,2.7657E-5,4.745299881578535E-4,0.0011278284842271208,9
1005831090,5,5.579E-4,3.8603999479166665E-4,0.00141,4.158E-5,4.719699968791356E-4,7.257900131130219E-4,9
1389045297,35,5.732E-4,3.6336E-4,8.669E-4,4.520380061848958E-5,4.6827999952651564E-4,4.560519120785544E-4,9
1389045297,69,5.541E-4,3.776599895833333E-4,0.001322,1.4076000130208333E-4,4.658800089112619E-4,7.313800279723208E-4,9
686717176,17,4.711E-4,4.5966E-4,0.00103,8.755739990234374E-5,4.653800037083402E-4,5.587787215019762E-4,1
1389045297,100,5.674E-4,3.6028E-4,0.001064,2.9945199951171874E-5,4.6384000654831525E-4,5.469725763497949E-4,9
1005831090,20,5.398E-4,3.8472E-4,0.001781,1.5238E-4,4.622599887797982E-4,9.6669002861768E-4,9
1389045297,5,5.713E-4,3.5304E-4,0.001352,3.528520125325521E-5,4.621699922927469E-4,6.936426257499854E-4,9
686717176,10,4.673E-4,4.568E-4,0.001198,4.6917399983723956E-5,4.620500037927181E-4,6.224587208758394E-4,1
1389045297,57,5.245E-4,3.9614E-4,0.001595,3.376160001627604E-5,4.603199887365848E-4,8.143808189698656E-4,9
1389045297,95,5.493E-4,3.7022E-4,0.001562,4.730360001627604E-5,4.597599958448112E-4,8.046518097460469E-4,9
1005831090,46,5.455E-4,3.7191999479166665E-4,0.001446,3.147E-5,4.587100078769376E-4,7.387349755509198E-4,9
1005831090,19,5.36E-4,3.8089999479166666E-4,0.002602,3.0328399943033855E-5,4.5845000081192453E-4,0.0013161642111250362,9
1005831090,22,5.169E-4,3.9461999479166666E-4,0.00605,1.297E-4,4.557599863011738E-4,0.0030898499836087227,9
1005831090,31,5.283E-4,3.8203999479166666E-4,0.001465,7.3234E-5,4.551700005999555E-4,7.691169896809458E-4,9
1005831090,26,5.522E-4,3.5534E-4,0.001987,6.866600130208333E-5,4.537700068858266E-4,0.001027832998654286,9
1389045297,65,5.569E-4,3.461799947916667E-4,0.00144,3.0519199951171875E-5,4.5153999307188887E-4,7.352596108906865E-4,9
1389045297,23,5.236E-4,3.742E-4,9.336E-4,2.097960001627604E-5,4.489000144138932E-4,4.772898037863274E-4,9
1389045297,48,5.541E-4,3.4354E-4,0.002697,4.8836E-5,4.488200141195953E-4,0.0013729180235959888,9
1389045297,25,5.045E-4,3.9214E-4,0.001307,2.6514E-5,4.4831999990314246E-4,6.667570284202397E-4,9
1389045297,41,5.398E-4,3.5628E-4,0.001215,2.899E-5,4.480399887797982E-4,6.219950273995101E-4,9
1389045297,30,5.007E-4,3.9446E-4,0.001495,7.704800130208333E-5,4.475800145394355E-4,7.860239881340663E-4,9
1389045297,64,5.369E-4,3.5402E-4,0.01642,3.128020125325521E-5,4.4546000684261323E-4,0.00822563975134341,9
1389045297,19,4.807E-4,4.0856E-4,0.001274,2.3270599934895832E-5,4.446299966021627E-4,6.486353191638688E-4,9
1389045297,58,4.988E-4,3.897E-4,0.001364,2.517760001627604E-5,4.442500073056668E-4,6.945888126107951E-4,9
1005831090,35,5.531E-4,3.3414E-4,0.002518,2.5366E-5,4.436200103123486E-4,0.0012716830405907632,9
1005831090,0,5.112E-4,3.7424E-4,0.001543,2.0790599934895832E-5,4.427199963078648E-4,7.818952955753306E-4,9
1389045297,2,4.749E-4,4.1025998958333336E-4,0.001301,4.806400130208333E-5,4.4257999841562905E-4,6.745320062278012E-4,9
1005831090,8,5.493E-4,3.3496E-4,0.001795,4.4816740010579425E-5,4.421299958448112E-4,9.199083937167624E-4,9
1389045297,9,4.492E-4,4.339399947916667E-4,0.001205,4.9404E-5,4.4156999048504733E-4,6.272019893270433E-4,9
1389045297,53,5.226E-4,3.5918E-4,0.001751,5.398000065104167E-5,4.408900106066465E-4,9.024899729334613E-4,9
1005831090,39,4.93E-4,3.8507998958333333E-4,0.001961,2.1744599975585937E-5,4.3904000911913315E-4,9.913723154179454E-4,9
1005831090,36,5.531E-4,3.248199947916667E-4,0.001196,4.425200065104167E-5,4.389600077081819E-4,6.201260135950049E-4,9
1005831090,12,5.045E-4,3.6754E-4,0.001507,1.3503800065104167E-4,4.3601999990314244E-4,8.210189752878447E-4,9
1389045297,12,5.283E-4,3.4102E-4,0.001572,4.062539990234375E-5,4.346600032041222E-4,8.063126895538866E-4,9
1389045297,52,6.18E-4,2.491E-4,0.001102,2.498800065104167E-5,4.335499954681843E-4,5.634940049597819E-4,9
1005831088,0,4.959E-4,3.6584E-4,0.006805,3.0424E-4,4.308699962646514E-4,0.003554619947696924,9
1389045297,79,4.578E-4,4.0344E-4,0.001255,1.2225619999186197E-4,4.30619996727705E-4,6.886281050623257E-4,9
1389045297,44,4.473E-4,4.125399895833333E-4,0.001392,7.6298E-5,4.2991999519902715E-4,7.341490027902425E-4,9
1389045297,59,5.198E-4,3.3972E-4,0.001263,3.013760001627604E-5,4.297599999463558E-4,6.465687773248454E-4,9
1005831090,14,4.721E-4,3.822199947916667E-4,0.001678,9.7842E-5,4.27159990359505E-4,8.879209857172369E-4,9
1005831090,24,4.969E-4,3.5648E-4,0.001385,1.3389259993489583E-4,4.266900000718981E-4,7.594462761069636E-4,9
1389045297,39,6.018E-4,2.4894E-4,0.002567,2.0026E-5,4.25369991998449E-4,0.001293512994315207,9
1389045297,43,6.208E-4,2.2926E-4,9.317E-4,4.425139998372396E-5,4.250300061284751E-4,4.879756965362827E-4,9
1005831090,49,4.883E-4,3.6048E-4,8.497E-4,4.1008E-5,4.243899964334071E-4,4.453540044923276E-4,9
1218322587,0,4.282E-4,4.202E-4,0.005516,7.9734E-5,4.2420000044852496E-4,0.0027978670460147856,10
1005831090,9,5.169E-4,3.2692E-4,0.008224,6.523040128580729E-5,4.2190998890534047E-4,0.004144615312133392,9
1389045297,7,6.456E-4,1.959E-4,0.001419,1.811999991861979E-5,4.2075001323670146E-4,7.18559989129891E-4,9
1389045297,45,5.007E-4,3.3838E-4,0.001577,2.81326E-4,4.195400145394355E-4,9.291630086389482E-4,9
1005831090,42,4.911E-4,3.4712E-4,0.00128,3.452399983723958E-5,4.191100070936978E-4,6.572619837508599E-4,9
1005831090,3,4.74E-4,3.6276E-4,0.001513,3.967539990234375E-5,4.1838000019744036E-4,7.763376977569759E-4,9
1005831090,25,4.387E-4,3.9656E-4,0.00103,4.7685E-5,4.1762999676886947E-4,5.388425215508044E-4,9
2025898332,0,6.075E-4,2.2224E-4,0.01141,2.1551599975585938E-5,4.148700136997551E-4,0.005715775701342106,1
1389045297,72,5.121E-4,3.1204E-4,0.001236,5.6272E-5,4.120699997343868E-4,6.461359909363687E-4,9
384861629,0,4.768E-4,3.4674E-4,0.02512,4.597039998372396E-5,4.117699963058159E-4,0.012582984911803404,10
1389045297,24,4.911E-4,3.3186E-4,0.001801,3.395E-5,4.114800070936978E-4,9.17474988347292E-4,9
1389045297,46,5.045E-4,3.1682E-4,0.00177,6.0658E-5,4.1065999990314245E-4,9.153289867379665E-4,9
1005831090,27,4.816E-4,3.3782E-4,0.001429,1.41712E-4,4.097100000286847E-4,7.85356027243048E-4,9
1005831090,48,4.797E-4,3.3836E-4,0.001871,3.6047199951171874E-5,4.0902999279491604E-4,9.535236219995022E-4,9
1005831090,7,5.188E-4,2.9314E-4,0.001743,6.7904001953125E-5,4.0596999613910914E-4,9.054520013341904E-4,9
1389045297,94,4.625E-4,3.4524E-4,0.001329,4.2534E-5,4.038700000698492E-4,6.85766995764345E-4,9
1303031391,11,5.331E-4,2.7372E-4,0.003613,2.575E-5,4.034099923750758E-4,0.0018193750185742975,1
1005831090,34,4.616E-4,3.4254E-4,0.00766,5.797160066731771E-5,4.020699966433272E-4,0.0038589858600128093,9
1389045297,89,4.892E-4,3.1184E-4,0.001747,1.35426E-4,4.005199998599291E-4,9.412130155866146E-4,9
1005831090,15,4.721E-4,3.2558E-4,0.001673,2.307819999186198E-5,3.988399929636717E-4,8.480391248845955E-4,9
1389045297,75,4.778E-4,3.191E-4,0.04932,2.8038E-5,3.9845000011306256E-4,0.02467401957756901,9
1005831090,40,4.578E-4,3.3474E-4,0.001091,3.662139998372396E-5,3.96269996727705E-4,5.638107209540705E-4,9
1389045297,27,4.911E-4,3.0062E-4,0.004044,6.9626E-5,3.9586000709369775E-4,0.002056813029683113,9
1005831090,10,4.53E-4,3.3398E-4,0.00152,4.7304000651041666E-5,3.9348999300483614E-4,7.836520247820517E-4,9
1005831090,45,4.644E-4,3.17E-4,0.001522,3.986319995117187E-5,3.9069999275170267E-4,7.809315738389492E-4,9
1005831090,41,4.549E-4,3.1964E-4,0.00156,8.011799845377603E-6,3.872700002386048E-4,7.840059020461043E-4,9
1303031391,1,6.285E-4,1.4514E-4,8.993E-4,3.9674E-5,3.868200063404441E-4,4.6948698960494993E-4,1
1005831090,18,4.244E-4,3.4886E-4,0.02527,4.5204E-5,3.8663000053290277E-4,0.012657602050067902,9
1389045297,54,5.264E-4,2.4544E-4,0.002689,4.0818E-5,3.859199959703535E-4,0.0013649089931380154,9
1005831090,17,4.511E-4,3.1854E-4,0.001135,2.4985E-5,3.8482000032298265E-4,5.799925138580799E-4,9
1005831090,37,4.663E-4,2.9982E-4,0.001495,6.5236E-5,3.830599999854714E-4,7.801179874830246E-4,9
384861629,1,4.663E-4,2.96E-4,0.002224,2.9146E-4,3.811499999854714E-4,0.001257729968998134,10
1389045297,88,4.511E-4,3.0918E-4,0.002281,2.7084E-5,3.801400003229827E-4,0.0011540419531805516,9
1389045297,37,4.253E-4,3.336E-4,0.001009,4.673619999186198E-5,3.794500039594248E-4,5.278680998022159E-4,9
1389045297,91,4.349E-4,3.2234E-4,0.001516,3.585700130208333E-5,3.7861999685324726E-4,7.759285098785857E-4,9
1389045297,22,5.102E-4,2.4486E-4,0.004791,4.6342399983723956E-5,3.775299925006181E-4,0.002418671163305203,9
1877300849,4,3.939E-4,3.5174E-4,0.004135,2.8152E-4,3.728200008272007E-4,0.002208260026896596,9
1877300849,3,4.168E-4,3.2846E-4,0.003151,2.9068E-4,3.7263000070165845E-4,0.0017208400058561562,9
1389045297,83,4.272E-4,3.1492E-4,0.00106,2.4985599934895835E-5,3.7105999664127827E-4,5.42492819320331E-4,9
1877300849,0,4.082E-4,3.3378E-4,0.002396,2.3192E-4,3.709899970631674E-4,0.0013139600417679548,9
1005831090,23,4.425E-4,2.9582E-4,0.002129,3.6432E-5,3.6915999668449165E-4,0.0010827159565556645,9
1005831090,1,4.387E-4,2.9928E-4,0.001047,3.261419999186198E-5,3.689899967688695E-4,5.398071280622682E-4,9
1389045297,76,4.063E-4,3.2232E-4,0.008865,3.9483201253255205E-5,3.6431000438131396E-4,0.004452241475009839,9
1389045297,15,4.768E-4,2.5044E-4,0.002499,2.01985E-4,3.6361999630581587E-4,0.001350492468253076,9
1332939103,0,5.045E-4,2.2262E-4,0.02417,9.899400130208333E-5,3.6355999990314244E-4,0.012134497053699176,0
1389045297,99,4.683E-4,2.5538E-4,0.00214,9.994200065104167E-5,3.618399930480495E-4,0.001119970998760899,9
1389045297,93,4.683E-4,2.5404E-4,0.001047,2.9564000651041667E-5,3.611699930480495E-4,5.382820283918579E-4,9
1389045297,42,4.711E-4,2.447E-4,0.002483,9.3072E-5,3.5790000370834025E-4,0.001288036023752451,9
1389045297,49,4.568E-4,2.5594E-4,0.001247,4.177039998372396E-5,3.5636999292045835E-4,6.443851746002833E-4,9
1877300849,1,3.834E-4,3.2694E-4,0.009003,3.7117999479166665E-4,3.551700045068562E-4,0.004687090164348443,9
1303031391,18,5.322E-4,1.7454E-4,0.004501,4.4624E-5,3.5336998894855377E-4,0.0022728120233650208,1
1877300849,2,4.005E-4,3.0594E-4,0.004501,2.7504800130208335E-4,3.5321999685119837E-4,0.0023880240240160625,9
1389045297,66,4.549E-4,2.4986E-4,9.222E-4,3.4714999918619794E-5,3.5238000023860483E-4,4.784574894387176E-4,9
1005831090,38,4.177E-4,2.8646E-4,0.001007,5.645160001627604E-5,3.5208000412818044E-4,5.317257921999296E-4,9
1303031391,23,5.56E-4,1.431E-4,0.0181,3.9672E-5,3.495499922495335E-4,0.009069836458955765,1
1389045297,50,4.492E-4,2.4604E-4,0.00123,3.1472000651041666E-5,3.4761999308921397E-4,6.307360266260703E-4,9
1389045297,29,4.082E-4,2.8648E-4,0.001547,1.88819399617513E-5,3.473399970631674E-4,7.829409808177451E-4,9
1389045297,40,4.091E-4,2.8154E-4,0.002293,1.5067740010579427E-5,3.4532000048968943E-4,0.0011540338688728015,9
1389045297,36,4.387E-4,2.4184E-4,0.001888,4.4058E-5,3.4026999676886946E-4,9.66029028539449E-4,9
1389045297,56,4.263E-4,2.3996E-4,0.001787,6.351E-5,3.3312999321475625E-4,9.252549932534992E-4,9
1303031391,21,5.026E-4,1.5984E-4,0.01343,4.4824E-5,3.3121999266937373E-4,0.00673741214141202,1
1389045297,81,3.786E-4,2.8226E-4,0.00136,1.0871399820963541E-5,3.3043000078398734E-4,6.854356972841522E-4,9
1303031391,4,5.14E-4,1.4536E-4,0.002483,3.8338E-5,3.296800069681555E-4,0.001260669023752451,1
1303031391,3,5.121E-4,1.4704E-4,0.01123,4.177000065104167E-5,3.295699997343868E-4,0.005635885147698005,1
1389045297,86,4.311E-4,2.2582E-4,0.005974,4.6732E-5,3.2845999693762514E-4,0.003010365927088618,9
1389045297,97,4.349E-4,2.2184E-4,0.008575,3.8336000651041667E-5,3.283699968532473E-4,0.004306667934760412,9
1389045297,0,3.834E-4,2.67E-4,0.002613,2.7848000651041668E-5,3.252000045068562E-4,0.0013204240533587536,9
1005831090,6,4.883E-4,1.6024E-4,0.001614,7.4954E-5,3.2426999643340705E-4,8.444769748840928E-4,9
1389045297,18,3.767E-4,2.7104E-4,0.003471,4.1199199951171875E-5,3.238699935502186E-4,0.0017560995435821414,9
1389045297,47,4.416E-4,2.0596E-4,0.006836,4.711120060221354E-5,3.2377999325796964E-4,0.0034415555496073564,9
1303031391,25,4.997E-4,1.4742E-4,0.01617,5.3982E-5,3.235600107321888E-4,0.008111991328719616,1
1389045297,77,3.996E-4,2.422E-4,0.002216,3.546819999186198E-5,3.208999934246764E-4,0.0011257341549514134,9
1303031391,9,4.921E-4,1.419E-4,0.01224,3.8526E-5,3.170000109009445E-4,0.006139263034570694,1
1389045297,87,3.681E-4,2.657E-4,0.001556,4.672874001057943E-5,3.1690000446364284E-4,8.013643568997185E-4,9
1389045297,80,3.796E-4,2.5232E-4,0.001408,3.700400130208333E-5,3.15960004591234E-4,7.225020061495702E-4,9
1389045297,92,3.777E-4,2.5122E-4,0.001844,2.8420000651041665E-5,3.1445999735746534E-4,9.362099777614375E-4,9
1389045297,38,3.7E-4,2.5822E-4,0.001286,2.9374E-5,3.141099971454963E-4,6.576870066757202E-4,9
1389045297,11,3.862E-4,2.367E-4,0.01079,2.040639998372396E-5,3.114500006152317E-4,0.005405203069159667,9
1389045297,62,3.672E-4,2.4914E-4,0.001852,1.792939998372396E-5,3.0817000103712083E-4,9.349647078857521E-4,9
1389045297,26,3.595E-4,2.5442E-4,0.001324,2.1742400634765624E-5,3.069600008251518E-4,6.728711770454943E-4,9
1005831090,28,3.567E-4,2.5442E-4,0.007713,2.6510799967447918E-5,3.055600047167763E-4,0.0038697553122009833,9
1389045297,68,3.586E-4,2.4894E-4,0.00219,5.7226E-5,3.037699973986298E-4,0.0011236129559670687,9
1389045297,90,3.633E-4,2.432E-4,0.001085,4.253319995117187E-5,3.03250000740774E-4,5.637665980943144E-4,9
1389045297,20,3.595E-4,2.4184E-4,0.001291,1.8502399983723958E-5,3.006700008251518E-4,6.547512257038156E-4,9
1389045297,31,3.452E-4,2.4856E-4,0.001209,1.6974199951171875E-5,2.968800045891851E-4,6.12987104531616E-4,9
2035323974,1,4.692E-4,1.1426E-4,0.001358,3.184719999186198E-5,2.9172999647457154E-4,6.94923589755108E-4,9
437863939,0,3.061E-4,2.3212E-4,0.002136,2.1247200130208334E-4,2.69110001244992E-4,0.001174235983857433,9
437863939,1,3.185E-4,1.8654E-4,0.003361,1.29892E-4,2.5252000479910523E-4,0.0017454459904707074,9
1389045297,71,3.09E-4,1.9146E-4,0.00201,6.9233E-5,2.502299977340922E-4,0.0010396164691545964,9
1303031391,27,3.471E-4,1.5184E-4,0.001263,3.5667E-5,2.494699972710386E-4,6.493334773167074E-4,1
1389045297,82,3.052E-4,1.9226E-4,0.001085,1.5450199951171874E-5,2.4872999781847E-4,5.502250980943144E-4,9
1389045297,85,3.033E-4,1.932E-4,0.004601,3.547539990234375E-5,2.4825000513661655E-4,0.002318237638379574,9
1405507228,1,3.328E-4,1.5706666666666667E-4,0.001495,1.2714666748046875E-6,2.4493333436840527E-4,7.481357208204269E-4,9
437863939,2,2.346E-4,1.7396E-4,0.002106,8.5254E-5,2.0427999823728577E-4,0.0010956269854043126,9
1405507228,0,1.869E-4,1.497E-4,0.002533,9.537000528971354E-7,1.6829999853055925E-4,0.0012669768313105902,9
1405507228,2,1.783E-4,1.5785E-4,0.002354,1.33525E-5,1.680750021680258E-4,0.001183676248278916,9
2035323974,2,1.421E-4,1.373E-4,0.01172,2.6704000651041667E-5,1.397000025888905E-4,0.005873351917773088,9
2035323974,0,1.583E-4,1.1614E-4,8.698E-4,3.5859E-5,1.3721999878266825E-4,4.5282949370649455E-4,9
